attribute_id	attribute_name																																																																																																																																																																																																																																																																																																																	
a1_age_approx	Age Group	1	4	5	2	2	3	1	2	1	1	2	3	1	5	1	2	1	1	3	1	1	3	1	1	1	1	1	1	3	3	3	2	3	1	3	1	2	1	2	2	2	2	2	2	2	1	1	1	1	2	2	2	4	5	1	1	2	5	1	1	1	2	1	2	1	2	3	1	1	1	3	1	1	2	1	1	4	2	2	1	2	2	2	2	1	2	2	2	3	1	5	2	1	4	2	2	3	1	2	1	1	2	1	1	3	1	1	2	1	1	3	1	2	1	4	3	3	3	4	3	4	2	1	3	1	1	1	1	5	1	5	2	3	4	1	5	2	4	2	1	4	1	3	1	2	1	1	1	1	1	1	2	3	2	4	1	1	1	1	1	1	1	2	3	1	3	1	2	1	3	1	5	2	1	2	2	3	2	1	4	1	3	2	2	2	2	2	4	4	3	4	4	2	1	3	1	1	1	3	4	2	3	1	3	2	1	2	2	3	3	1	4	3	4	1	3	2	4	4	3	2	3	1	3	3	2	2	3	3	3	5	2	2	2	2	3	3	3	3	3	3	1	2	1	1	3	3	3	4	1	5	1	3	4	1	1	1	1	1	5	4	1	4	1	2	2	2	4	1	2	3	1	3	2	3	1	2	1	1	2	4	4	1	1	2	5	5	1	1	2	1	2	1	1	3	1	3	5	5	3	2	2	3	1	1
a2_weight_approx	Weight Group	2	4	5	1	2	1	2	2	1	1	3	2	2	5	4	3	1	1	4	4	3	2	3	1	4	5	2	2	3	4	4	2	3	1	4	1	4	2	5	5	4	5	3	3	3	3	2	2	1	2	4	2	5	5	1	5	3	5	5	3	1	3	4	4	2	3	4	2	4	1	3	2	2	2	1	1	5	3	1	1	3	3	4	1	3	3	2	3	3	1	3	3	1	3	2	1	4	3	1	1	1	1	2	1	3	1	4	1	2	2	4	1	3	1	2	2	4	3	5	2	5	5	5	2	3	4	4	1	4	1	5	1	2	4	1	4	2	4	3	2	4	2	3	2	3	2	1	2	4	2	3	1	5	1	4	1	1	3	1	2	1	1	3	4	1	2	1	2	4	3	3	5	2	2	1	4	2	2	2	3	4	2	4	1	1	3	5	3	4	2	4	3	3	1	3	3	1	2	5	4	4	2	5	3	1	2	1	3	2	3	5	3	2	2	1	3	1	4	4	2	2	2	2	3	2	2	2	3	1	2	5	1	3	2	3	2	2	3	2	3	3	1	2	1	1	3	2	3	4	2	5	1	4	3	3	1	1	2	1	3	3	3	1	1	3	4	2	4	2	2	4	4	2	3	2	5	1	1	1	5	3	4	1	5	3	4	5	1	3	2	1	3	3	1	2	4	3	5	3	2	1	2	5	2	2
a3_height_approx	Height Group	2	3	5	1	2	1	1	2	1	1	2	2	2	4	3	2	1	1	3	1	1	2	1	1	2	1	2	2	3	2	3	1	3	1	2	1	3	1	1	2	3	4	2	2	3	2	2	2	1	2	2	2	3	5	1	5	2	4	1	2	1	3	1	3	1	2	2	1	3	1	1	2	1	2	1	1	5	2	1	1	2	3	4	2	1	1	2	3	2	1	4	3	1	3	2	1	2	3	1	1	1	1	3	1	2	1	3	2	2	1	4	1	4	1	4	3	3	2	5	2	5	4	2	3	1	2	3	1	3	1	5	1	4	2	2	4	1	2	2	1	3	1	2	1	3	1	1	1	4	1	1	1	3	1	3	1	1	1	1	1	1	1	3	4	1	3	1	2	1	3	1	5	2	2	2	1	1	1	1	3	1	2	1	1	1	1	4	5	4	2	5	4	2	2	3	3	1	1	1	5	4	3	1	3	1	1	1	2	2	3	1	3	2	2	1	2	2	4	3	3	2	3	2	4	2	3	2	2	1	2	1	3	2	2	3	1	3	4	2	2	2	2	3	1	1	4	3	4	4	2	5	1	5	2	2	1	1	2	1	4	4	1	5	1	3	3	2	2	1	5	3	2	4	3	2	5	1	1	1	4	3	1	1	1	3	1	5	1	1	2	2	4	2	2	4	1	3	5	4	1	2	1	2	2	1
a4_gender	Gender	2	3	1	1	1	1	3	3	3	1	3	2	1	5	1	2	2	1	1	1	3	3	1	1	2	1	2	1	2	3	2	1	3	1	2	1	2	1	1	1	3	1	4	2	1	2	2	1	1	2	1	2	4	1	1	1	3	1	1	1	1	3	1	2	1	1	3	1	1	1	1	1	1	2	2	1	4	4	1	1	2	2	5	2	2	1	1	2	1	3	5	2	1	3	1	1	3	2	1	1	1	1	1	1	5	1	1	3	2	1	4	2	4	1	3	3	3	3	5	3	4	2	1	3	1	2	4	1	1	1	4	1	3	2	2	4	1	2	2	1	3	1	3	5	2	1	1	1	1	1	1	1	5	1	4	1	1	1	1	1	1	1	2	2	1	3	1	2	1	3	1	4	2	1	1	1	1	1	1	4	1	2	1	1	2	1	4	5	4	2	5	3	3	1	3	1	1	2	1	4	3	3	1	4	1	2	1	2	2	3	1	2	1	1	1	2	1	3	4	3	4	3	3	3	3	2	1	1	2	2	5	3	3	3	3	2	2	3	2	2	2	1	2	1	1	2	3	2	4	1	5	1	4	3	1	1	1	1	1	4	2	2	2	1	1	2	2	4	1	2	2	2	1	3	2	4	1	1	1	4	4	4	1	1	3	1	5	1	1	2	1	1	3	1	5	1	4	5	4	1	4	1	1	1	1
a5_eye_color	Eye Color	1	4	5	1	1	2	2	3	2	1	2	1	2	4	1	2	1	1	3	3	1	3	2	1	1	1	2	1	2	3	1	1	3	1	2	1	1	1	1	2	3	2	3	1	3	2	1	1	1	3	2	2	4	5	1	1	1	5	1	1	1	3	1	1	1	1	3	1	1	1	1	2	1	2	1	1	3	3	1	1	3	1	1	5	1	3	3	3	1	1	1	1	1	3	1	1	4	2	1	1	1	1	5	1	4	1	1	2	1	1	4	1	3	1	4	3	5	3	5	1	5	5	1	3	1	2	2	1	2	1	4	1	3	3	2	5	1	4	2	1	2	1	1	4	2	1	1	1	2	1	1	1	5	1	5	1	2	1	2	1	1	1	1	2	1	4	1	2	1	2	1	5	2	2	1	1	1	1	1	4	1	2	2	1	1	2	3	4	3	2	3	3	3	1	3	1	1	1	1	4	2	2	2	4	1	4	1	3	2	4	1	3	2	2	1	2	1	3	4	3	2	2	2	4	2	3	2	2	3	3	5	2	3	1	3	2	2	2	2	2	3	1	3	1	1	4	2	2	4	1	3	1	2	2	1	1	1	1	1	5	2	3	4	1	2	2	2	2	2	3	3	1	4	3	1	3	1	1	2	2	4	5	1	1	3	3	5	1	1	2	1	2	1	1	4	1	2	5	3	2	2	3	2	1	1
a6_hair_color	Hair Color	2	3	5	1	1	1	2	2	2	1	4	1	2	4	4	1	1	1	2	1	1	2	1	1	1	1	2	2	2	3	2	1	3	1	2	1	1	1	1	1	3	1	3	1	2	1	2	1	1	3	2	2	4	5	1	1	2	5	1	1	1	1	1	1	1	1	2	1	1	1	2	1	1	2	1	1	2	2	1	1	2	2	3	2	1	2	2	2	1	1	4	2	1	4	1	1	1	2	1	1	1	1	1	1	2	1	1	1	1	1	4	1	2	1	3	2	2	2	5	2	5	5	1	3	1	3	5	1	3	1	3	1	2	2	1	4	1	3	2	1	3	1	1	4	3	1	1	1	1	1	1	1	5	1	4	1	1	1	1	2	1	1	1	2	1	2	1	2	1	3	1	5	2	1	1	1	1	1	1	2	1	1	3	1	1	1	3	4	4	2	3	3	4	1	3	1	1	1	1	4	4	3	2	4	1	2	1	1	2	3	5	4	2	4	1	3	1	4	4	2	3	3	2	2	2	2	2	1	1	2	5	2	2	2	3	3	2	3	1	2	2	2	2	2	1	4	2	2	4	1	5	1	1	2	1	1	1	1	1	4	5	2	2	1	2	2	1	1	1	2	2	1	3	3	3	5	1	1	1	4	4	1	1	1	3	2	5	3	1	2	1	1	1	1	4	1	3	5	3	1	1	2	2	1	1
a7_fingerprint	Fingerprint	1	3	5	5	5	5	5	5	5	5	5	5	4	5	2	5	5	1	5	5	1	5	5	5	5	5	4	5	5	5	5	5	4	5	5	5	5	4	5	5	4	5	2	5	5	5	5	5	2	1	5	5	5	5	5	5	5	5	5	5	3	5	5	5	2	4	5	4	5	5	4	5	5	5	5	5	5	2	5	4	5	5	4	4	5	3	5	5	5	5	1	5	5	4	5	5	3	5	5	5	5	5	5	5	5	5	5	5	5	5	5	5	5	5	4	5	5	5	5	5	4	5	4	5	5	5	5	5	2	4	4	5	5	2	5	3	5	2	5	5	2	5	3	5	5	5	5	1	2	5	5	5	4	5	2	5	3	1	2	5	5	1	5	5	5	3	5	5	1	5	4	5	2	5	5	3	5	5	3	3	1	5	5	1	5	4	3	4	4	5	4	5	5	4	5	5	3	5	5	5	4	5	5	4	5	5	5	5	3	5	5	3	5	2	5	2	1	3	5	4	3	3	2	3	1	3	2	3	3	3	5	1	3	2	2	2	3	5	2	1	3	1	2	1	5	4	3	2	4	4	5	3	4	5	5	2	3	5	1	4	5	3	4	5	5	5	5	5	5	3	5	5	2	5	2	1	5	4	5	5	5	5	1	5	4	5	5	5	5	5	1	4	5	5	4	3	5	5	4	5	5	5	4	5	5
a8_signature	Signature	1	4	5	5	5	5	5	3	4	2	4	5	4	5	2	5	4	1	3	5	1	5	5	5	5	5	5	5	5	3	5	5	4	1	5	3	5	5	5	4	3	5	3	5	5	5	5	4	2	3	4	4	5	5	5	2	5	5	5	5	1	4	3	2	4	3	5	3	5	5	5	5	5	5	4	1	5	2	3	1	5	5	4	3	5	4	5	5	5	5	2	5	5	3	4	5	3	5	5	1	3	5	5	4	3	3	2	5	5	4	5	5	5	4	5	5	5	4	5	5	4	5	2	5	5	5	5	5	3	2	5	5	5	3	3	4	5	4	5	2	3	4	2	4	5	5	1	3	3	5	5	5	3	5	3	3	5	1	3	4	5	1	5	5	5	3	5	1	4	5	1	5	2	4	4	2	5	4	3	4	5	5	5	1	5	3	5	5	4	5	5	5	5	2	5	5	3	5	5	3	2	4	4	3	5	5	5	4	3	5	5	4	5	5	5	2	2	3	5	3	4	3	2	3	2	3	3	1	2	3	5	3	4	3	2	2	2	5	2	2	2	1	2	1	5	5	3	2	4	5	5	1	4	5	5	1	5	4	5	4	5	3	3	5	5	5	5	4	5	2	5	4	1	5	2	5	5	5	5	4	5	5	1	5	4	5	5	5	5	5	1	4	5	4	4	4	2	5	3	5	5	5	5	5	5
a9_face_complete	Face (Complete)	4	4	5	4	5	5	5	2	4	3	3	5	2	4	3	5	5	1	5	2	3	5	1	5	5	5	5	5	5	5	5	5	3	5	5	1	4	5	5	5	4	1	2	3	4	5	4	5	2	2	3	3	5	5	5	4	5	5	2	4	1	5	5	3	4	3	5	3	5	5	3	5	2	5	3	1	5	2	5	1	5	5	5	2	2	4	4	5	5	5	1	5	5	5	4	3	3	5	3	1	2	5	3	5	2	5	4	5	5	2	5	5	5	3	1	5	5	4	5	5	5	5	2	5	5	5	3	4	3	3	2	5	5	4	3	2	5	2	5	4	4	5	2	5	5	2	5	4	3	5	5	5	5	4	5	4	3	1	3	4	5	1	5	5	4	3	5	1	1	5	1	5	2	3	3	4	5	4	1	2	3	5	3	2	5	4	5	5	4	4	3	5	5	1	5	5	1	3	3	2	2	4	3	5	5	5	3	5	2	5	5	4	1	2	5	3	1	3	5	2	4	3	2	3	2	2	3	3	1	2	5	3	3	2	3	3	3	5	2	3	2	2	2	1	5	3	2	3	4	5	5	3	4	4	2	1	5	3	3	4	4	4	2	5	5	5	5	5	5	2	5	5	3	5	3	1	3	5	5	4	5	4	3	1	4	5	5	5	5	5	2	3	1	5	4	3	5	5	3	1	3	5	5	5	5
a10_face_partial	Face (Partial)	4	3	5	4	3	5	4	2	3	4	2	5	2	5	3	5	3	1	4	1	4	5	1	4	5	1	3	5	4	5	5	5	3	1	5	2	4	4	4	5	4	1	2	3	4	4	3	3	1	4	4	3	5	5	4	3	4	5	1	2	1	4	4	3	3	3	5	2	5	4	3	4	2	5	3	4	5	2	4	1	5	5	5	3	3	4	2	3	4	5	1	4	5	5	4	1	3	5	3	1	2	5	3	4	4	5	3	3	4	3	5	4	5	3	2	5	5	3	4	4	4	5	4	5	5	4	3	4	1	3	5	4	3	3	4	3	5	4	4	3	3	4	3	5	4	2	3	3	2	4	4	5	5	2	5	3	1	1	2	4	3	1	5	4	4	3	5	3	1	3	1	5	3	2	1	4	4	1	1	3	2	4	4	3	4	4	4	4	4	4	4	5	2	2	5	4	1	2	3	3	3	3	3	4	5	4	3	4	2	5	5	1	5	2	4	2	2	3	5	4	2	4	1	3	2	3	2	2	1	2	5	3	2	1	3	2	1	5	3	2	2	2	2	2	4	4	2	4	4	4	5	2	3	4	2	1	5	2	3	4	4	4	2	3	5	3	4	4	3	2	5	3	5	4	2	4	1	4	5	4	5	5	3	1	4	5	5	5	5	5	2	2	1	3	2	2	4	5	5	2	2	5	4	5	5
a11_tattoo	Tattoo	1	3	5	2	3	5	3	3	2	1	4	4	3	3	1	3	2	1	3	3	1	4	4	3	4	5	3	2	4	4	4	1	3	1	3	5	3	4	2	3	3	4	3	1	3	3	2	1	1	3	3	3	4	5	2	4	4	5	3	2	1	4	3	2	1	2	4	2	5	1	1	1	1	2	1	1	5	1	2	4	4	4	5	2	1	3	3	4	5	5	1	1	1	3	1	1	3	3	1	1	1	2	2	1	3	5	5	3	3	1	3	2	2	3	4	3	3	2	1	4	4	5	5	5	5	4	5	2	1	1	4	3	3	3	3	3	4	3	3	1	2	3	2	3	3	1	1	2	5	3	3	1	5	1	4	3	1	1	1	2	4	1	3	4	1	3	1	3	1	4	1	5	2	1	1	3	1	2	1	4	1	4	1	1	2	3	2	2	4	2	2	4	2	1	3	3	1	1	3	2	3	3	3	5	3	2	1	4	2	3	3	3	2	2	3	1	1	4	3	2	2	3	2	2	2	2	2	2	3	3	5	2	3	2	3	2	3	3	2	2	1	2	2	1	1	2	2	4	4	5	5	1	2	2	1	1	1	3	1	5	3	3	4	2	4	3	3	4	3	2	5	3	1	5	4	5	4	3	1	4	5	5	1	1	2	4	5	2	1	3	1	4	2	1	3	2	4	3	5	1	2	3	2	2	5
a12_semi_nudity	Semi-nudity	1	4	5	5	5	5	5	3	4	5	5	5	5	5	4	5	5	1	5	5	4	5	5	5	5	5	5	5	5	5	5	5	4	5	5	5	5	5	5	5	2	5	4	5	4	5	4	3	4	5	5	5	5	5	5	5	5	5	5	5	3	5	5	4	5	5	5	3	5	5	5	5	5	5	5	5	5	3	4	1	5	5	4	5	5	5	5	5	5	5	1	5	5	5	5	4	3	5	5	1	5	5	3	5	2	5	5	5	4	5	5	4	5	5	4	5	5	5	5	5	4	5	5	5	5	5	5	5	3	5	5	5	5	2	4	3	5	4	5	4	2	4	1	5	5	5	5	5	5	5	5	5	2	5	1	5	4	1	4	5	5	1	5	5	4	3	5	4	5	5	4	5	2	3	3	5	5	5	4	2	5	5	3	4	5	5	5	5	3	5	5	5	5	4	4	5	5	5	5	4	2	5	5	4	5	5	5	5	4	5	5	5	2	4	5	1	1	3	5	3	3	3	3	3	2	2	2	2	2	2	5	2	3	3	2	3	2	5	1	2	3	2	1	2	5	2	2	2	4	5	4	2	5	5	5	2	4	5	5	4	4	3	4	5	5	5	4	4	5	2	5	5	4	5	3	1	5	5	5	3	5	5	5	5	2	5	5	5	1	5	1	4	3	5	3	5	4	5	3	5	5	5	5	4	5
a13_full_nudity	Complete nudity	5	3	5	5	5	5	5	5	5	5	5	5	5	5	5	5	5	1	5	5	5	5	5	5	5	5	5	5	5	5	5	5	5	5	5	5	5	5	5	5	3	5	3	5	5	5	5	5	5	5	5	5	4	5	5	5	5	5	5	5	4	5	5	5	5	5	5	4	5	5	5	5	5	5	5	5	5	3	5	1	5	5	3	5	5	5	5	5	5	5	1	5	5	5	5	5	2	5	5	5	5	5	5	5	1	5	5	5	4	5	5	5	5	5	4	5	5	5	5	5	5	5	5	5	5	5	5	5	1	5	4	5	5	5	5	2	5	4	5	5	2	5	5	5	5	5	5	5	5	5	5	5	5	5	2	5	5	3	5	5	5	1	5	5	5	5	5	5	5	5	5	5	1	5	5	5	5	5	5	5	5	5	5	4	5	5	5	5	4	5	5	4	5	5	4	5	5	5	5	3	4	5	5	3	5	5	5	5	4	5	5	4	5	3	5	1	1	4	5	2	4	2	2	4	2	3	1	3	1	2	5	2	2	2	2	2	3	5	2	3	3	3	3	1	5	1	2	2	4	5	5	3	5	5	5	4	5	5	5	3	5	4	3	5	5	5	5	5	5	2	5	5	5	5	1	1	5	5	5	3	5	5	5	5	3	5	5	5	5	5	1	5	5	5	5	5	3	5	4	5	5	5	5	5	5
a16_race	Race	1	4	5	1	2	1	3	2	3	1	2	2	1	4	4	2	2	1	3	1	2	3	2	1	1	3	2	1	3	4	3	2	3	1	3	1	2	1	1	2	3	1	4	2	3	1	2	2	1	2	1	3	4	5	1	1	3	5	5	1	1	2	2	2	1	2	3	1	2	1	1	2	1	1	1	1	4	2	1	1	2	2	5	4	2	1	2	3	2	1	4	1	1	4	1	1	3	2	1	1	1	1	1	1	2	3	1	5	2	1	4	1	5	1	4	3	2	3	5	2	5	5	1	2	2	5	1	1	5	1	1	2	3	4	1	2	1	2	3	1	3	2	2	4	2	1	1	1	2	2	1	1	2	1	3	1	1	1	2	2	1	1	2	3	1	3	1	2	1	3	1	5	3	2	2	1	1	1	1	4	2	3	3	3	1	2	2	3	4	2	4	3	4	1	3	1	1	1	1	4	4	3	1	5	1	3	1	2	3	5	1	2	3	1	1	2	1	4	4	3	2	3	3	2	2	3	3	3	1	2	5	2	2	2	3	2	3	3	2	2	3	1	2	1	3	5	2	2	4	1	5	1	2	3	1	1	1	2	1	3	3	3	3	1	3	2	2	4	1	2	3	2	2	3	4	5	2	1	1	4	3	5	1	1	4	3	5	2	2	2	1	2	3	2	5	1	4	5	5	4	1	2	2	2	1
a17_color	Color	1	5	5	1	1	1	1	3	4	1	4	2	1	4	2	2	1	1	3	1	3	3	1	1	1	1	3	2	3	2	4	1	3	1	2	1	2	1	1	1	4	1	3	2	3	2	2	2	1	2	1	2	5	5	1	2	1	5	1	2	1	2	1	2	1	2	5	1	3	1	1	2	1	1	1	1	4	1	1	1	2	2	2	4	1	2	1	2	2	1	4	2	1	4	1	1	2	3	1	1	1	1	2	1	5	2	3	4	2	1	3	1	4	1	3	3	1	3	5	4	5	5	1	2	1	1	2	1	1	1	5	1	3	4	2	5	1	3	3	1	3	2	2	4	1	1	1	1	3	2	2	1	2	1	4	1	1	1	1	1	1	1	1	3	1	3	1	2	1	3	1	4	2	1	1	1	3	1	1	3	3	1	4	3	1	1	4	4	4	2	2	4	2	2	3	2	1	1	3	4	2	3	1	3	1	1	1	3	2	3	1	4	1	2	4	2	2	4	4	2	2	2	3	3	2	3	1	2	1	3	5	1	3	2	2	3	3	3	2	2	1	3	1	2	1	4	1	2	4	2	5	1	4	2	1	1	1	2	1	5	4	4	1	1	3	4	1	4	1	2	4	2	2	3	4	4	2	1	1	3	4	3	1	1	1	3	5	1	2	2	1	3	1	1	4	1	4	5	3	3	3	2	2	3	1
a18_ethnic_clothing	Traditional clothing	1	4	5	2	3	3	1	3	2	2	3	3	2	4	4	2	2	1	1	4	1	3	1	1	3	1	2	2	3	3	3	1	3	1	3	1	1	1	3	3	2	1	3	1	3	2	2	2	1	1	1	3	4	5	2	2	3	5	1	2	1	3	2	2	1	1	5	1	2	1	2	1	1	2	1	1	5	2	1	1	2	3	5	3	1	2	2	2	5	1	2	1	1	1	1	1	3	4	2	1	1	1	2	2	4	1	2	2	1	2	4	1	2	1	3	1	4	2	1	4	5	5	1	3	4	1	3	1	3	1	3	1	4	4	2	4	3	4	4	1	3	1	2	3	2	1	1	2	3	2	3	1	5	1	4	1	1	1	1	2	1	1	1	2	1	3	2	4	3	3	1	5	2	2	2	1	1	1	1	4	3	2	3	1	1	2	3	4	4	2	4	3	3	1	3	1	1	1	3	3	4	3	1	4	1	2	1	3	2	3	1	4	2	2	3	2	1	4	5	3	3	3	2	3	2	3	2	2	1	2	5	1	3	2	2	3	2	5	2	3	3	1	2	1	2	1	2	3	4	4	5	1	2	2	2	1	1	2	1	4	4	3	3	1	5	3	3	4	1	3	4	2	1	3	1	4	1	2	1	3	2	5	2	1	5	2	5	1	1	2	2	4	4	2	4	1	4	4	3	1	2	4	2	1	1
a19_name_full	Name (Full)	5	5	4	5	3	5	3	3	4	5	2	5	2	5	1	5	5	1	5	4	3	3	3	5	5	5	5	5	5	4	5	5	3	5	5	4	4	5	5	4	3	1	3	5	4	5	2	5	5	5	1	4	5	5	5	2	5	5	2	5	1	5	5	4	4	2	5	2	5	5	4	5	2	5	4	1	5	2	4	2	5	5	1	2	5	4	4	5	5	5	4	5	5	5	2	3	4	3	5	1	2	5	5	5	5	5	5	5	5	2	5	5	5	4	5	5	5	4	5	5	5	5	5	5	5	5	2	5	1	2	5	5	4	3	3	3	5	2	5	3	2	5	1	5	3	2	4	4	5	3	3	5	5	5	4	5	2	1	1	3	5	1	5	5	4	2	5	1	4	5	2	5	2	3	1	4	5	1	1	4	3	4	5	1	4	4	5	3	3	4	4	5	5	2	4	4	1	2	5	2	3	3	3	5	3	2	2	5	3	3	4	4	2	4	2	2	2	4	5	2	4	3	2	4	2	3	2	2	3	2	5	3	2	3	2	3	3	5	2	1	2	1	2	1	5	3	2	2	4	4	4	1	1	5	1	1	1	3	1	4	4	1	1	2	5	5	5	5	5	2	5	2	4	5	2	2	3	5	5	4	5	5	1	4	4	5	5	2	2	5	1	3	1	2	4	5	4	5	3	1	5	5	5	5	5
a20_name_first	Name (First)	5	3	1	5	2	5	3	3	3	1	2	4	1	5	2	5	2	1	4	1	3	3	2	4	4	4	2	2	4	3	4	3	2	1	3	1	1	4	3	3	4	1	2	4	2	2	1	2	1	4	1	2	5	1	5	1	2	5	1	1	1	3	4	3	2	2	5	2	5	1	5	4	1	5	2	1	5	2	2	1	3	3	1	2	4	3	3	4	5	5	4	4	4	5	3	1	3	2	3	1	1	4	3	1	4	3	1	4	3	1	5	5	5	1	4	5	5	3	5	5	5	3	1	5	2	5	3	3	3	1	5	2	3	1	1	4	4	4	1	1	4	2	1	5	3	1	2	3	5	1	1	4	5	2	2	1	1	1	1	2	4	1	5	3	3	2	1	2	1	4	1	5	3	2	2	3	5	1	1	3	2	3	3	1	3	2	4	5	4	3	4	5	3	1	4	4	1	2	1	4	2	3	4	3	2	1	1	5	2	5	1	3	1	3	2	2	2	4	5	2	4	3	2	3	3	2	2	3	1	2	5	2	3	3	3	2	2	5	3	2	1	1	1	2	3	3	3	2	4	1	5	2	3	3	2	1	1	2	1	3	5	3	1	2	3	4	3	5	1	2	5	1	1	5	3	4	1	3	5	4	5	3	1	1	3	5	5	2	1	3	1	2	3	1	4	2	2	5	4	1	2	4	3	4	1
a21_name_last	Name (Last)	2	4	1	5	2	5	4	3	3	4	3	5	4	5	1	5	5	1	5	2	3	4	3	3	5	5	5	5	5	3	5	5	3	5	5	3	2	5	4	4	2	5	4	3	4	5	2	4	2	2	1	4	5	1	5	1	4	5	2	4	1	5	5	3	2	2	5	2	5	4	5	5	1	5	3	1	5	2	2	1	3	5	4	1	4	3	3	5	5	5	3	5	5	4	2	2	3	3	5	1	1	4	2	2	1	5	3	4	4	1	5	5	5	2	5	5	5	3	5	5	4	5	5	5	5	5	2	4	1	1	5	4	3	4	3	4	5	3	5	4	2	4	1	5	3	2	4	3	5	1	1	4	2	4	2	5	2	1	1	2	5	1	4	5	4	3	5	2	4	4	1	5	2	1	2	3	5	1	2	2	1	4	4	3	4	5	4	4	4	3	5	4	4	1	4	4	1	1	4	3	4	3	3	5	2	2	1	5	2	5	1	3	1	1	2	3	1	4	5	2	3	3	3	3	2	3	3	2	1	2	5	1	3	3	2	3	3	5	3	2	2	2	2	1	3	2	2	2	4	3	5	2	2	4	3	1	1	2	1	5	5	4	1	4	5	4	4	5	2	2	5	3	4	5	1	4	2	4	3	5	5	5	1	1	1	4	5	1	1	4	2	4	2	2	4	5	4	4	2	1	4	5	5	5	5
a23_birth_city	Place of Birth	1	3	1	1	2	5	3	2	3	5	4	4	2	5	1	2	3	1	5	3	2	4	2	1	2	1	3	2	3	4	3	2	3	1	5	1	3	2	2	1	4	1	2	5	4	4	2	2	2	5	2	2	5	1	1	2	4	5	1	2	1	3	3	2	1	2	4	1	5	2	2	2	1	2	1	1	5	2	2	1	3	2	5	1	2	3	2	4	4	5	2	4	4	4	4	5	2	4	2	1	1	4	2	2	1	5	2	1	3	1	5	2	5	1	3	5	5	3	5	3	4	5	1	5	4	3	4	3	1	1	4	1	4	4	2	3	2	3	5	2	2	2	2	5	4	1	1	1	4	3	4	3	5	3	2	4	2	1	1	2	5	1	3	3	1	2	1	2	3	3	1	5	2	2	2	3	5	1	3	3	1	3	3	1	3	3	2	4	4	3	5	4	4	2	4	4	1	1	5	3	3	3	2	5	1	3	1	2	2	3	5	3	3	1	3	2	2	3	4	3	2	3	3	3	2	2	1	2	2	1	5	2	2	2	2	1	3	5	1	2	1	2	3	1	2	2	3	3	4	2	3	1	4	3	3	1	1	3	1	4	5	2	1	2	5	3	4	4	4	2	4	2	3	4	4	5	3	2	1	2	3	5	3	1	2	4	5	3	1	4	1	4	2	1	4	5	3	5	3	1	4	4	4	5	4
a24_birth_date	Date of Birth	1	4	5	3	1	4	4	3	3	4	4	5	2	5	3	5	2	1	5	4	1	5	2	3	4	4	5	3	5	4	4	5	3	1	5	2	4	4	3	5	2	5	2	5	5	5	2	2	2	3	2	2	5	5	5	4	4	5	3	2	1	5	2	3	4	2	5	2	5	4	4	5	2	5	3	2	5	2	2	1	2	4	4	1	4	4	4	5	5	5	5	5	2	5	2	5	4	4	5	1	2	5	4	2	5	1	2	5	4	1	5	5	5	2	3	5	5	4	5	5	4	5	1	5	4	5	5	3	4	3	4	4	5	3	3	4	5	2	5	2	2	3	1	5	5	1	1	2	5	1	2	4	5	5	5	5	3	4	1	2	5	1	5	4	3	3	1	3	1	5	2	5	3	4	4	3	5	2	4	4	2	3	2	1	4	1	5	5	4	4	4	5	5	1	3	5	1	1	5	4	2	1	3	5	5	5	3	5	2	4	5	4	1	3	4	2	1	3	5	3	3	3	1	3	2	2	2	3	2	2	5	3	3	2	2	2	2	5	2	2	2	1	3	1	3	4	2	3	4	3	5	1	4	3	2	1	1	2	1	3	5	3	1	5	5	5	4	2	4	3	5	3	2	5	4	5	2	3	1	4	4	5	2	1	1	5	5	2	1	5	1	4	3	2	4	4	4	5	3	3	3	5	5	5	5
a25_nationality	Nationality	1	4	1	2	2	1	1	2	2	1	2	3	1	3	1	2	1	1	1	1	5	3	1	2	1	1	2	1	3	3	2	1	3	1	3	1	2	1	1	1	3	1	4	2	3	1	2	2	1	5	1	2	4	5	1	1	3	5	1	1	1	1	1	2	1	2	4	1	1	1	2	1	1	1	1	1	5	2	1	1	1	2	5	1	1	2	2	3	1	1	4	1	1	4	2	1	2	2	3	1	1	1	1	2	3	1	2	2	3	1	3	1	5	1	5	3	2	3	5	3	4	3	1	5	1	2	4	2	3	2	2	2	3	4	1	5	2	4	3	1	2	1	1	4	2	1	1	1	1	1	1	1	5	1	3	1	2	1	1	2	1	1	2	1	1	3	1	2	1	3	1	5	3	2	1	3	1	2	1	2	1	2	2	1	2	1	3	5	4	2	5	4	5	1	3	2	1	4	1	5	2	3	1	5	1	3	1	3	2	3	1	2	3	4	1	4	2	4	4	3	4	3	2	2	2	2	2	3	3	3	5	1	2	2	2	2	2	3	2	2	1	1	2	1	2	4	2	3	4	2	5	1	2	4	1	1	1	2	1	4	4	3	3	2	4	3	2	5	1	2	2	1	2	3	5	5	1	1	1	4	3	4	1	1	3	3	5	1	1	2	1	1	1	1	3	1	4	5	5	1	2	4	2	3	1
a26_handwriting	Handwriting	1	5	5	5	2	5	4	3	3	4	4	2	2	5	1	2	3	1	2	4	1	5	4	3	1	5	3	1	5	4	3	3	3	1	5	1	5	3	2	4	2	5	2	1	4	2	3	3	2	4	4	2	4	5	4	1	5	5	3	3	1	3	2	3	2	3	5	2	4	3	1	4	1	3	1	1	5	3	2	2	5	4	2	2	3	3	4	1	1	1	2	2	4	1	4	3	3	4	5	1	1	3	3	4	2	1	2	5	3	3	5	4	5	2	4	3	5	3	5	3	5	5	2	3	5	2	5	1	2	2	2	5	4	4	4	4	5	4	3	1	4	4	1	4	3	5	1	1	5	2	2	4	4	4	5	1	2	1	1	3	1	1	2	4	1	3	3	3	2	3	1	5	2	2	4	4	3	1	3	3	3	2	3	1	4	4	3	3	3	3	3	4	3	1	3	5	1	1	1	4	2	4	1	3	5	5	1	4	3	3	3	2	2	3	5	3	2	4	1	2	4	3	1	4	2	3	2	3	3	3	5	3	2	3	2	3	3	5	2	2	2	1	2	1	4	5	2	4	4	2	5	1	3	3	2	1	1	3	1	5	3	4	1	5	3	5	4	2	2	2	3	3	1	4	3	5	1	4	2	3	5	2	2	5	4	3	5	2	1	3	1	4	2	4	4	3	4	5	4	1	2	5	4	2	4
a27_marital_status	Marital status	1	4	5	1	2	1	2	3	4	2	2	2	3	5	4	2	3	1	3	1	1	3	3	1	1	1	2	2	3	3	4	1	3	1	4	3	2	3	1	1	2	1	2	3	2	1	2	2	2	3	2	2	4	5	1	1	3	4	1	1	1	4	1	2	1	2	4	1	3	1	3	1	1	2	1	1	5	2	2	1	4	2	5	1	1	2	2	2	2	1	4	3	1	3	1	1	3	2	1	1	1	1	2	1	2	3	3	5	2	1	4	4	3	1	2	3	3	3	5	2	5	1	1	3	3	5	4	2	4	1	5	2	4	3	1	4	2	2	3	1	2	2	3	4	2	2	1	1	1	2	2	1	3	1	2	1	1	1	1	2	1	1	1	4	1	3	1	1	1	5	1	5	2	1	1	1	1	3	1	4	1	3	3	1	1	3	3	4	4	2	5	3	4	1	3	1	1	2	3	4	2	3	1	4	1	3	2	3	2	3	1	4	1	5	1	2	1	3	4	3	3	3	3	4	2	3	2	1	2	2	1	3	2	2	2	2	2	5	3	1	1	1	2	1	1	1	2	2	4	2	1	1	3	3	4	1	1	2	1	4	4	3	3	1	2	3	3	2	1	2	3	4	2	4	2	5	1	1	1	5	4	3	1	1	1	5	5	1	1	2	1	3	1	1	4	3	1	5	5	2	3	4	3	2	1
a29_ausweis	National Identification	2	4	5	5	5	5	5	5	5	5	5	5	5	5	2	5	5	1	5	5	4	4	5	5	5	5	5	5	5	3	5	5	4	5	5	5	5	5	2	5	4	5	4	5	5	5	5	5	5	2	5	5	5	5	5	5	5	5	5	5	5	5	5	5	5	5	5	5	5	5	5	5	5	5	5	5	5	2	5	3	5	5	5	1	5	5	5	5	5	5	4	5	5	5	5	5	3	5	5	1	5	5	5	5	2	5	5	5	5	5	5	5	5	4	3	5	5	5	5	5	5	5	5	5	5	5	4	5	3	5	2	5	5	2	1	4	5	2	5	5	4	5	3	5	5	5	5	5	5	5	5	5	5	5	4	5	4	1	4	5	5	1	5	5	5	3	5	2	5	5	5	5	2	5	5	5	5	4	5	3	5	5	4	1	5	5	5	4	4	5	5	5	4	2	5	5	1	1	5	5	3	5	5	5	5	5	5	5	4	5	5	5	3	4	5	3	1	4	5	2	4	3	1	4	3	2	2	1	2	3	5	3	3	3	2	2	3	5	2	1	2	1	2	2	5	2	2	4	4	4	4	5	4	5	5	5	1	5	4	4	4	5	1	5	5	5	5	4	5	2	5	5	3	5	1	5	5	5	5	5	5	5	1	5	3	5	5	4	5	5	1	5	5	5	3	5	5	5	4	5	5	5	5	5	5
a30_credit_card	Credit Card	5	4	5	5	5	5	5	5	5	5	5	5	5	5	3	5	5	1	5	5	1	4	5	5	5	5	5	5	5	2	5	5	4	5	5	5	5	5	5	5	2	5	4	5	5	5	5	5	5	5	5	5	5	5	5	5	5	5	5	5	5	5	5	5	5	5	5	4	5	5	5	5	5	5	5	5	5	3	5	5	5	5	1	5	5	5	5	5	5	5	1	5	5	5	5	5	2	5	5	5	5	5	5	5	3	5	5	2	5	5	5	5	5	3	5	5	5	5	5	5	5	5	5	5	5	5	5	5	2	5	2	5	5	4	5	3	5	4	5	5	4	5	4	5	5	5	5	4	5	5	5	5	5	5	3	5	5	1	4	5	5	1	5	5	5	3	5	4	5	5	5	5	2	5	5	5	5	5	5	4	5	5	5	1	5	5	5	5	3	5	4	5	5	4	5	5	4	5	5	4	4	5	5	5	5	5	5	5	4	5	5	4	5	2	5	2	2	4	5	3	4	2	3	2	2	2	2	2	2	2	5	1	3	3	3	2	2	5	2	2	1	2	1	1	5	1	2	2	4	5	4	4	5	5	5	3	5	5	5	4	5	4	3	5	5	5	5	5	5	2	5	5	3	5	2	5	5	5	5	4	5	5	3	5	1	5	5	5	5	5	1	5	5	5	5	5	4	5	3	5	5	5	5	5	5
a31_passport	Passport	5	3	5	5	5	5	5	4	5	5	5	5	5	5	1	5	5	1	5	5	1	5	5	5	5	5	5	5	5	4	5	5	4	5	5	5	5	2	5	5	3	5	2	5	5	5	5	4	5	5	5	5	5	5	5	5	5	5	5	5	3	5	5	4	4	3	5	3	5	5	5	5	5	5	5	1	5	2	5	4	5	5	5	2	5	5	5	5	5	5	4	5	5	5	4	5	3	5	5	5	5	5	5	5	4	5	4	5	5	5	5	5	5	4	5	5	5	5	5	5	5	5	5	5	5	5	5	5	2	5	1	5	5	4	5	4	5	3	5	1	2	5	1	5	5	3	3	5	5	5	5	5	5	5	4	5	4	1	3	5	3	1	5	5	5	3	5	4	2	5	5	5	3	5	5	4	5	5	5	3	5	5	4	2	5	5	5	5	4	5	4	5	5	2	5	5	1	5	5	4	4	5	5	4	5	5	5	5	4	3	5	3	5	3	5	2	1	4	5	4	3	2	2	4	2	2	2	1	2	3	5	1	2	1	3	1	3	5	3	2	2	1	1	1	5	2	2	4	4	5	4	4	2	5	5	1	5	5	4	3	4	3	4	5	5	5	5	5	5	2	5	5	3	5	3	3	5	5	5	3	5	5	3	5	4	5	5	4	4	5	1	4	4	5	4	5	2	5	4	5	4	5	5	5	5
a32_drivers_license	Drivers License	5	3	5	5	4	5	5	3	5	5	5	5	5	3	4	5	5	1	5	5	5	5	5	5	5	5	5	5	5	5	5	5	4	5	5	5	5	4	5	5	3	5	3	5	5	5	5	4	5	5	5	5	5	5	5	4	5	5	5	4	3	5	5	4	5	3	5	4	5	5	5	5	5	5	5	2	5	2	5	1	5	5	4	1	5	4	5	4	5	5	4	5	5	5	5	5	2	4	5	1	5	5	5	5	3	5	4	5	5	4	5	5	5	3	4	5	5	5	5	5	5	5	1	5	5	5	5	5	3	5	4	5	5	3	5	4	5	3	5	4	3	5	1	5	4	4	5	3	5	5	5	5	5	5	3	5	4	1	4	5	5	1	5	5	4	2	5	4	2	5	5	5	2	5	5	3	5	4	5	2	5	5	4	1	5	4	5	4	4	5	4	4	5	2	5	5	1	5	5	3	4	4	5	3	5	5	5	5	3	5	5	4	3	4	5	3	2	3	5	2	4	3	3	4	3	3	3	2	2	2	5	1	2	3	2	3	3	5	1	3	3	2	2	2	5	3	2	2	4	4	5	3	4	5	5	2	3	3	1	5	4	3	1	5	5	4	5	4	5	3	5	4	1	5	4	2	5	5	5	4	5	5	1	5	3	5	5	5	4	5	1	4	3	4	4	5	4	5	4	3	5	5	5	5	5
a33_student_id	Student ID	4	3	5	5	3	5	3	4	3	5	4	5	3	5	4	5	4	1	5	5	1	5	4	4	5	5	5	5	5	4	5	5	3	5	5	5	5	4	5	4	3	5	3	5	4	5	5	5	4	5	5	5	5	5	5	5	5	5	5	4	1	5	4	5	4	4	5	3	5	2	5	5	5	5	2	1	5	3	4	2	5	4	3	5	5	5	5	3	5	5	1	4	5	5	4	5	2	5	5	1	1	5	5	4	2	5	4	5	3	2	5	5	5	3	4	5	5	4	5	5	4	5	4	5	5	5	5	4	3	4	3	5	5	4	4	3	5	2	5	3	3	5	3	5	5	3	3	1	5	5	4	5	5	5	4	1	1	1	3	5	4	1	4	4	4	4	5	4	4	4	5	5	1	4	4	4	5	4	4	3	5	4	3	1	4	5	4	5	3	4	4	4	4	2	5	5	4	5	5	3	4	4	4	4	5	5	5	5	3	5	3	1	3	2	5	2	2	3	5	3	2	3	2	3	2	2	1	3	2	2	5	1	3	2	2	1	3	5	3	2	1	2	2	1	5	3	1	2	4	5	4	2	2	4	5	1	3	3	2	4	3	2	3	5	5	4	4	4	5	2	4	4	2	5	2	1	5	5	5	4	5	4	1	1	1	5	5	1	2	5	2	4	3	3	3	5	4	5	4	3	5	4	5	5	5
a35_mail	Mail	1	4	5	5	2	5	4	5	4	5	5	5	3	4	1	5	4	1	5	5	1	5	4	3	4	5	4	5	5	5	5	5	4	5	5	5	3	3	5	4	2	5	3	4	4	5	4	4	2	3	4	3	4	5	5	5	5	5	5	5	3	5	5	4	5	4	5	3	5	4	5	5	5	5	1	1	5	2	4	3	5	5	2	5	5	4	5	3	5	5	2	3	5	2	5	5	3	4	5	1	5	5	5	4	3	5	5	4	4	4	5	5	3	2	3	5	5	5	5	5	4	5	5	5	5	5	5	2	4	4	4	5	5	2	3	3	2	4	5	2	3	4	1	5	3	5	3	1	3	5	5	5	5	3	4	4	4	1	2	5	4	1	4	4	4	3	4	2	1	5	3	5	2	4	4	5	4	3	4	3	5	3	3	1	4	4	4	4	4	3	4	5	3	1	5	5	4	2	5	4	4	4	5	3	4	5	5	5	3	4	5	4	2	1	5	2	1	3	5	2	4	3	2	3	2	3	2	2	3	2	5	3	3	3	2	1	3	5	1	2	2	2	2	1	5	3	1	3	4	5	3	2	2	4	5	1	4	4	4	5	4	5	1	5	5	3	5	4	5	2	5	2	2	5	4	3	5	5	4	4	5	4	2	4	4	3	5	3	2	4	2	4	5	4	4	5	3	5	4	3	4	5	5	5	5
a37_receipt	Receipts	4	4	5	5	4	5	5	5	3	5	5	5	4	5	2	5	5	1	4	5	1	4	4	2	5	5	3	4	5	4	4	5	3	5	5	5	3	3	5	4	2	5	4	4	4	5	5	4	2	2	5	3	5	5	5	5	5	5	5	3	2	5	5	4	4	4	5	2	4	3	5	5	2	5	1	1	5	3	4	3	5	5	5	3	5	4	5	3	4	5	4	4	5	5	5	5	3	5	5	1	5	4	5	2	2	3	4	5	4	4	5	5	5	2	4	5	5	4	5	3	5	5	5	5	5	5	5	4	2	4	5	3	5	2	2	1	3	4	4	2	3	3	2	4	4	5	1	4	5	4	5	5	4	5	5	1	4	1	3	5	4	1	3	5	4	3	5	4	1	5	5	5	2	4	4	5	4	4	3	3	5	4	3	1	3	5	5	2	3	4	5	3	3	1	3	5	3	3	5	4	2	4	5	3	2	4	2	4	4	4	5	3	2	4	5	3	1	3	5	3	2	3	2	2	2	3	3	2	2	3	5	1	3	2	3	3	3	5	2	1	3	2	2	1	2	2	1	3	4	4	4	2	4	5	4	1	1	3	1	3	3	5	2	3	5	4	5	2	3	3	4	3	5	5	2	2	5	5	1	4	5	5	1	4	4	4	5	4	1	5	1	4	4	4	5	5	2	5	3	2	5	4	2	5	4
a38_ticket	Tickets	5	3	5	5	3	5	4	4	4	5	5	5	2	4	2	5	2	1	4	5	1	5	3	1	3	5	4	4	3	2	5	5	3	5	5	5	5	2	3	5	4	3	3	5	5	4	5	3	3	3	5	2	4	5	4	1	5	4	5	4	1	4	4	4	4	2	4	3	5	4	3	4	1	4	1	1	5	1	4	2	5	4	5	1	5	5	5	2	4	3	2	2	5	5	5	5	3	4	5	1	5	4	3	1	2	3	2	4	3	3	5	1	5	2	4	5	5	4	3	2	5	5	1	2	5	5	4	5	2	3	3	4	5	4	1	3	4	2	4	2	2	3	1	5	4	3	1	3	4	4	5	5	2	2	4	3	2	1	1	5	3	1	4	5	3	3	2	4	4	3	2	5	2	4	3	3	2	4	3	3	2	3	4	1	4	5	5	3	4	3	5	3	5	1	3	5	1	1	5	4	2	2	5	4	2	4	2	5	2	3	4	2	1	2	3	2	2	4	4	3	4	3	3	3	2	3	2	2	1	2	5	3	2	3	3	1	2	5	2	3	2	2	2	1	4	4	3	3	4	5	5	1	2	5	3	1	3	3	1	5	3	3	1	5	5	4	5	3	4	2	4	5	2	5	1	5	4	3	2	3	5	4	1	5	3	4	5	1	2	5	1	4	3	3	3	1	3	5	3	1	4	4	4	4	5
a39_disability_physical	Physical disability	1	4	5	4	3	5	4	3	5	4	4	3	3	4	4	4	3	1	3	4	1	5	2	1	4	5	3	1	3	5	4	5	3	5	5	1	5	4	3	3	3	5	4	4	5	4	3	2	2	1	4	2	4	5	3	5	5	5	5	4	2	5	5	4	5	3	5	2	5	4	3	2	1	2	1	1	5	3	2	1	3	3	5	2	4	3	4	4	5	5	1	1	4	4	4	1	3	5	3	1	1	2	2	1	3	3	5	5	4	3	4	1	5	1	3	3	4	3	5	4	5	4	5	5	5	5	5	1	3	2	5	5	4	3	3	4	4	4	4	2	4	2	5	4	3	1	1	2	5	5	5	2	4	2	5	3	1	1	1	4	1	1	5	4	4	3	4	4	1	5	5	5	2	4	5	3	5	1	2	4	5	4	5	1	4	4	5	3	4	4	3	3	4	1	3	4	2	4	5	3	4	3	3	4	5	5	4	4	2	2	1	4	3	4	3	2	1	3	5	2	4	3	3	4	2	2	2	2	3	2	5	3	3	3	3	1	3	5	2	2	1	2	3	1	5	5	2	2	4	1	4	1	3	3	5	1	1	3	3	5	3	2	4	2	2	4	3	2	3	2	5	5	2	5	3	2	5	5	2	4	4	5	5	1	4	5	5	4	1	3	1	4	4	3	1	5	4	5	4	5	4	4	2	5	2
a41_injury	Medical Treatment	4	4	5	4	3	5	3	4	4	5	5	3	5	5	2	4	4	1	3	5	5	5	2	3	3	5	3	3	5	3	4	4	4	5	5	5	5	4	5	5	3	5	3	4	5	5	4	3	1	2	5	4	4	5	5	5	5	5	5	4	1	5	5	5	4	3	5	2	5	3	3	1	1	5	1	4	5	2	4	1	4	4	1	2	5	5	5	3	5	5	2	5	5	5	4	1	3	5	5	1	3	3	3	1	2	5	5	5	3	5	5	5	4	3	4	3	5	4	5	3	5	5	5	5	5	5	5	2	4	2	3	4	5	3	4	3	3	2	5	2	4	2	4	5	4	4	1	1	5	4	5	5	4	2	2	5	3	1	1	5	3	1	5	4	3	3	3	5	4	5	5	5	2	1	5	4	5	4	4	4	5	5	1	1	3	4	5	4	4	3	3	3	2	3	3	5	3	4	5	2	2	4	5	5	4	5	4	5	4	4	5	4	3	2	3	2	1	3	4	2	4	3	2	3	2	3	1	2	2	2	5	1	2	2	3	2	3	5	2	3	2	4	2	1	5	4	2	2	4	1	4	1	2	3	5	1	2	4	1	5	3	5	3	5	5	4	5	4	5	2	5	5	3	5	4	2	5	5	1	3	5	5	1	4	2	2	5	1	3	3	3	3	4	3	4	5	4	5	4	2	3	4	4	5	4
a43_medicine	Medical History	1	4	5	1	2	5	5	4	4	5	5	3	5	4	1	4	4	1	4	5	1	5	4	3	3	5	3	4	5	2	5	2	4	5	5	5	5	1	5	5	3	5	4	2	5	5	5	4	2	3	5	3	4	5	5	5	5	5	5	5	1	5	4	5	5	3	5	2	5	5	4	2	3	5	1	4	5	2	2	4	4	3	5	2	5	5	5	4	5	5	1	4	5	5	4	5	2	5	5	1	5	5	4	3	4	4	5	5	3	4	5	5	5	2	4	5	5	5	5	2	4	5	5	5	5	5	5	4	2	2	4	5	4	3	5	4	4	2	5	3	2	3	2	2	5	4	1	2	5	5	5	5	3	2	4	5	4	1	2	5	4	2	2	3	2	3	5	2	4	5	5	5	2	5	5	3	5	5	3	2	4	5	3	2	3	5	5	4	4	4	4	3	4	1	3	5	2	4	5	2	3	4	5	3	5	5	4	5	2	3	5	4	2	2	2	2	1	4	3	2	2	3	2	3	2	2	3	2	2	2	5	1	2	3	3	2	3	4	2	3	1	2	2	1	3	2	3	3	4	1	4	3	4	3	5	1	2	4	1	5	3	3	2	5	5	4	5	2	5	3	5	5	3	5	3	4	5	4	1	3	5	4	3	4	4	4	5	4	3	3	1	4	2	3	4	5	4	4	4	4	5	4	4	5	4
a46_occupation	Occupation	2	4	4	2	2	2	2	3	3	4	2	3	1	4	1	3	2	1	3	3	3	4	2	1	2	4	3	3	3	2	3	1	3	1	3	2	2	2	1	2	2	1	3	2	3	2	2	2	2	4	2	2	5	1	1	1	3	3	1	3	1	4	3	2	2	3	4	1	3	1	3	1	1	2	1	1	4	2	2	1	2	3	1	2	1	3	3	4	5	3	1	3	1	3	1	1	3	2	1	1	1	3	3	2	5	2	4	5	2	1	3	2	3	1	3	4	3	3	5	3	4	2	2	5	4	2	2	2	3	1	5	1	4	2	1	3	2	4	3	2	2	2	2	4	2	2	1	2	1	2	4	2	5	2	2	1	2	1	2	3	3	1	4	3	1	2	3	2	1	3	2	5	2	1	2	4	1	3	2	3	1	3	2	3	2	4	4	4	4	3	2	3	2	1	3	3	3	2	3	4	3	3	1	5	4	3	2	5	3	3	1	4	1	3	1	2	2	3	4	3	3	3	2	3	2	3	1	1	2	2	5	1	2	3	2	2	2	5	2	3	2	1	3	1	2	5	2	2	4	3	4	1	4	4	1	1	1	3	1	4	4	3	4	2	4	4	2	3	2	2	4	3	4	4	3	5	1	3	2	3	5	4	1	1	3	3	5	2	1	3	2	4	1	1	4	2	4	5	3	3	1	3	3	1	1
a48_occassion_work	Work Occassion	5	4	5	2	2	5	3	2	4	4	4	3	2	5	1	4	3	1	2	4	3	4	3	1	3	5	3	2	3	5	4	2	3	1	4	5	3	2	2	3	2	1	2	2	3	3	3	4	2	2	2	3	4	5	4	1	4	5	2	2	1	3	4	2	1	2	5	2	5	4	3	1	1	2	1	1	5	4	3	1	5	2	4	2	3	4	3	2	3	5	1	2	4	4	4	3	4	3	5	1	1	4	4	1	2	2	2	5	2	2	3	2	5	3	3	4	4	3	3	3	4	5	3	5	5	2	3	3	3	3	5	2	3	2	2	4	4	3	3	3	3	2	1	5	3	3	1	2	3	1	4	5	5	3	1	1	2	1	1	3	2	1	4	4	2	3	3	3	3	3	4	5	3	1	2	5	3	2	2	4	2	2	2	2	2	4	5	4	3	3	5	3	4	2	3	2	4	2	5	4	3	2	2	5	4	2	2	4	2	4	3	2	1	3	5	3	2	3	4	2	3	3	2	3	1	2	1	1	3	3	5	3	3	2	2	2	2	5	3	3	3	1	1	1	3	3	2	3	4	4	5	1	3	3	3	1	1	4	1	4	3	1	1	2	4	4	3	4	2	2	4	2	1	4	2	1	4	3	3	4	5	3	1	1	2	3	5	2	1	3	3	4	3	3	4	3	3	5	2	2	3	5	2	3	4
a49_phone	Phone no.	4	4	5	5	4	5	5	4	4	5	5	5	4	5	2	5	5	1	5	5	4	4	5	5	5	5	5	5	5	2	5	5	4	5	5	3	3	4	4	4	4	5	1	5	5	5	3	4	5	5	5	4	5	5	5	5	5	5	5	4	1	5	5	3	5	5	5	3	5	3	5	5	5	5	5	4	5	2	5	3	5	5	5	2	5	5	5	5	5	5	1	5	5	5	4	5	2	5	5	1	5	5	5	4	1	5	5	5	5	1	5	5	5	1	4	5	5	5	5	5	5	5	5	5	5	5	5	5	5	5	2	5	5	3	3	3	5	3	5	3	2	4	2	5	5	5	5	4	5	5	5	5	5	5	3	5	4	1	2	4	5	1	5	5	5	4	5	4	3	5	5	5	3	2	4	4	5	4	5	2	5	5	1	1	4	5	5	4	4	5	4	5	4	3	5	4	1	1	5	5	3	4	5	3	5	5	5	5	4	5	4	3	2	1	4	2	1	4	5	3	2	3	3	3	2	2	2	2	3	2	5	1	2	2	2	3	3	5	1	2	2	4	1	1	5	4	1	3	4	5	5	2	4	5	5	3	5	4	2	3	5	5	2	5	5	5	5	5	5	2	5	4	2	5	1	5	5	5	5	4	5	4	1	5	3	5	5	4	4	5	1	5	4	2	4	5	4	5	4	3	5	5	5	5	5
a55_religion	Religion	2	4	5	1	1	1	3	3	2	4	3	1	2	5	2	2	1	1	3	3	4	2	2	1	1	2	2	1	4	3	5	3	3	1	3	1	3	1	3	3	4	5	3	4	4	1	4	2	1	4	1	3	4	5	1	2	3	5	3	4	1	4	4	4	2	2	3	2	3	1	1	1	1	2	1	1	5	4	2	1	1	3	5	4	4	3	1	3	1	1	3	2	1	1	1	1	3	3	1	1	1	1	2	2	2	3	4	5	1	1	4	1	4	1	4	3	3	2	4	3	4	1	1	2	1	3	4	1	2	2	4	2	3	4	1	4	1	4	4	1	3	1	3	4	3	2	1	3	3	1	2	1	5	1	5	1	3	1	1	3	1	1	3	3	2	4	1	3	2	5	1	5	2	2	1	2	3	1	1	4	1	3	2	5	1	5	2	3	4	2	5	3	5	1	3	1	1	2	3	4	4	4	3	5	1	4	2	2	2	4	5	3	1	3	4	3	1	4	4	3	3	3	1	3	2	3	2	1	3	2	5	2	2	2	2	2	3	2	2	2	2	1	1	1	1	1	2	3	4	2	4	1	4	2	3	1	1	3	1	3	3	2	1	2	2	4	2	3	1	3	3	2	2	5	3	4	1	1	2	4	2	1	1	1	5	4	5	1	2	2	1	3	1	1	5	2	4	5	4	1	4	4	4	5	1
a56_sexual_orientation	Sexual Orientation	2	4	5	2	1	5	2	2	3	3	4	1	4	5	1	2	2	1	3	1	1	4	2	1	3	1	3	2	4	3	3	2	4	1	3	1	3	1	1	3	3	1	2	2	4	1	2	1	1	5	4	3	4	5	1	2	4	5	1	3	1	4	3	2	1	3	5	2	1	1	1	1	1	3	1	1	5	2	2	1	3	3	3	5	3	2	1	3	1	3	5	1	1	2	1	1	3	3	2	1	1	1	5	2	1	2	5	2	3	1	4	1	5	1	5	3	3	3	5	3	5	4	5	2	5	5	5	1	2	2	5	2	3	3	2	5	2	4	4	1	4	2	5	3	2	1	2	1	5	1	1	1	4	1	5	1	4	1	2	3	3	1	4	3	1	4	1	2	3	5	1	4	2	1	1	2	4	2	1	3	2	5	3	5	1	4	5	3	4	3	5	4	5	4	3	1	4	3	3	4	3	3	2	3	5	4	1	2	3	3	1	4	1	3	1	2	1	3	3	2	4	2	3	4	2	3	2	3	2	3	1	2	3	3	3	1	2	5	3	2	1	1	2	2	4	1	2	2	4	2	5	1	3	3	1	1	1	1	2	5	4	4	4	3	3	4	2	5	3	2	3	5	1	5	2	5	1	1	1	5	5	4	1	1	2	4	5	5	1	2	4	4	1	1	3	1	4	5	5	4	4	3	3	5	1
a57_culture	Culture	1	5	5	1	3	4	2	2	2	1	4	3	1	5	3	2	2	1	2	2	1	4	1	1	1	3	1	2	3	5	3	1	3	1	3	5	1	1	1	3	3	1	2	1	3	1	2	1	1	4	1	3	5	5	1	2	2	5	1	2	1	3	2	2	1	2	3	1	2	2	2	1	1	2	1	1	5	2	2	1	2	3	3	2	1	3	2	2	4	1	1	1	1	1	1	1	3	3	2	1	1	1	3	3	1	1	4	1	2	1	3	1	2	1	4	1	1	2	1	3	5	2	1	5	1	2	2	1	1	2	5	1	3	3	2	5	3	3	4	2	4	2	2	2	1	1	1	1	2	1	3	1	5	1	5	1	1	1	1	3	1	1	4	3	1	3	1	2	2	3	4	5	2	2	2	3	1	2	1	3	2	3	3	3	2	3	1	4	4	3	4	3	3	1	2	1	2	1	3	3	2	2	2	4	1	3	2	2	2	3	1	4	2	3	3	3	1	3	3	3	4	3	1	3	2	3	2	1	1	2	1	1	3	1	2	2	3	4	3	3	1	2	1	1	1	5	3	3	4	2	5	1	4	2	1	1	1	4	1	4	4	3	2	3	2	4	2	4	2	2	3	2	1	2	4	1	4	2	1	4	3	4	1	1	4	3	5	2	1	3	2	3	2	3	4	4	4	5	4	1	4	2	2	2	1
a58_hobbies	Hobbies	1	4	5	1	2	1	1	3	3	3	2	2	1	5	1	1	1	1	2	2	1	3	1	1	1	1	2	1	2	4	2	1	2	1	2	3	1	2	1	1	4	2	2	1	2	1	2	1	1	4	3	3	4	5	2	1	4	5	1	2	1	4	2	2	1	1	2	2	1	1	1	1	1	1	1	1	5	3	1	1	1	2	2	1	1	2	3	2	2	1	2	1	1	2	1	1	3	2	1	1	1	1	2	1	2	1	3	1	2	2	2	1	2	1	3	2	2	3	4	1	5	5	1	2	2	2	2	1	1	1	5	1	3	4	2	5	1	4	2	1	4	2	2	4	1	2	1	1	2	1	3	1	5	1	5	1	1	1	1	2	1	1	3	2	1	3	1	2	1	2	1	5	2	2	1	2	1	1	1	4	1	2	3	1	1	3	4	3	3	2	4	3	3	1	3	2	1	1	3	3	4	2	1	3	1	1	1	4	2	3	5	3	1	3	1	3	1	3	4	2	2	3	1	4	2	3	2	1	3	2	5	2	2	2	3	2	3	2	1	2	3	1	2	1	1	4	2	2	4	2	4	1	3	3	4	1	1	3	1	4	4	2	1	1	2	2	1	2	1	2	4	1	3	2	4	5	1	1	1	4	2	4	1	1	5	4	5	1	1	2	2	4	2	2	4	1	4	5	5	1	1	2	2	1	1
a59_sports	Sports	1	3	5	5	1	2	1	3	2	1	3	4	1	2	1	1	1	1	2	1	1	3	1	1	1	1	1	1	3	4	3	1	2	1	2	2	1	1	1	1	4	1	3	2	3	1	2	4	1	1	1	2	4	5	1	1	3	5	1	2	1	3	2	2	1	1	3	1	3	1	1	1	1	1	1	1	5	1	1	1	2	2	5	1	1	2	2	2	3	1	3	1	1	1	2	1	3	3	1	1	1	1	2	1	5	1	1	1	1	1	2	1	1	1	3	2	2	3	1	2	5	4	5	1	1	2	1	1	3	1	4	2	2	2	1	4	2	4	2	1	4	1	3	1	2	1	1	2	3	1	1	1	4	1	4	1	2	1	1	2	1	1	2	3	1	2	1	2	1	2	1	5	2	1	1	2	1	1	1	4	1	2	3	1	1	2	2	5	4	2	5	3	2	1	3	1	1	1	1	3	3	2	1	5	2	1	1	2	2	3	1	3	2	5	1	2	2	3	2	2	3	3	2	4	2	3	2	2	2	3	5	2	3	1	2	3	3	3	2	3	1	2	3	1	1	5	3	3	4	1	3	1	3	3	3	1	1	3	1	3	5	2	3	2	2	3	2	2	1	2	3	1	4	2	3	4	1	1	1	4	3	1	1	1	2	3	5	1	1	2	1	4	1	1	3	1	3	5	4	1	2	2	2	2	1
a60_occassion_personal	Personal Occassion	4	3	5	2	3	5	3	4	3	4	3	5	2	3	4	4	4	1	3	3	1	5	2	1	4	4	3	3	3	4	3	1	3	1	4	5	2	3	2	3	3	1	3	2	5	3	3	3	1	2	4	3	4	5	4	2	5	4	3	2	2	4	4	3	2	3	4	2	4	1	1	1	1	3	1	1	5	2	4	1	5	4	5	3	1	4	3	2	5	3	4	2	4	3	4	1	2	4	2	1	2	3	4	3	4	1	3	5	3	2	4	1	5	3	4	3	4	4	3	4	5	5	2	5	5	2	5	3	1	2	5	2	3	4	3	3	4	2	4	2	3	4	1	3	3	3	1	2	4	5	4	5	5	2	3	1	3	3	2	3	2	1	4	4	3	3	1	4	2	3	2	5	3	3	2	5	3	2	1	2	2	3	3	2	2	3	3	2	3	3	5	3	4	2	3	2	2	3	5	4	2	2	4	4	3	2	2	5	2	3	1	2	3	3	3	3	1	4	3	2	3	3	3	4	2	3	2	2	1	3	5	1	2	1	3	3	3	4	2	2	2	1	2	1	4	4	2	3	4	2	5	1	4	2	5	1	1	3	1	4	4	3	2	4	4	4	3	3	3	2	4	2	4	5	3	5	1	2	1	4	5	4	1	1	3	3	5	1	1	3	2	4	4	4	5	4	2	5	4	1	1	4	4	4	5
a61_opinion_general	General Opinion	3	5	5	3	3	3	1	4	3	4	2	1	3	4	1	3	2	1	4	1	1	5	2	2	1	1	2	2	5	2	5	4	3	1	3	5	3	1	1	2	3	5	2	2	4	2	2	2	1	4	1	3	4	5	1	3	4	5	4	2	1	5	4	3	2	3	3	2	4	1	3	1	1	2	1	1	5	2	2	1	3	3	4	2	2	2	2	4	5	1	5	2	4	2	2	1	3	3	3	1	3	1	3	1	3	1	4	2	2	1	2	1	4	1	4	3	1	3	5	1	4	1	2	3	1	1	3	1	1	3	4	2	3	4	1	2	1	2	3	2	3	2	4	3	3	2	1	2	5	2	5	2	5	1	3	1	2	1	1	4	2	1	1	3	1	3	4	4	3	3	2	5	2	2	2	3	1	3	1	3	1	3	3	2	1	4	4	5	3	2	3	4	3	3	3	3	2	4	3	2	2	4	5	3	2	4	2	3	4	3	2	4	3	4	3	3	2	3	4	3	4	3	3	4	2	3	1	3	2	2	1	2	2	3	3	2	3	4	1	2	3	2	3	1	1	2	2	3	4	1	5	1	3	3	5	1	1	4	1	4	5	1	2	2	5	3	2	2	2	2	4	5	4	2	4	5	4	2	1	5	4	3	3	5	4	4	5	2	3	2	3	3	3	2	4	2	4	4	2	3	2	3	2	2	1
a62_opinion_political	Political Opinion	1	3	5	3	3	5	2	2	3	5	2	3	2	5	3	3	1	1	1	3	1	3	1	1	3	4	2	2	4	3	5	4	3	1	4	1	3	2	5	4	3	5	4	2	3	2	2	2	1	1	1	3	5	5	1	1	4	5	2	3	1	3	4	2	3	2	3	2	1	1	3	1	1	2	1	1	5	2	2	1	2	3	3	4	4	1	2	2	5	1	3	2	1	2	2	1	2	3	2	1	2	1	3	2	2	1	4	2	2	1	2	1	3	1	5	3	3	2	4	4	5	2	2	5	3	3	3	3	2	3	5	2	4	4	1	4	1	4	3	2	2	2	4	3	4	2	1	1	5	1	5	2	5	1	4	1	1	1	1	3	1	1	5	3	1	3	3	2	3	5	1	5	3	3	4	4	1	4	1	3	2	4	4	5	3	4	3	3	4	2	2	3	3	2	3	3	1	3	3	4	3	5	4	3	2	5	5	2	2	3	2	5	3	3	1	3	2	3	5	4	2	3	1	2	3	2	3	2	3	2	1	2	3	3	2	3	3	5	2	2	1	1	1	1	3	4	2	3	4	3	4	1	4	3	3	1	1	3	1	5	4	3	3	1	5	5	3	5	1	2	3	5	1	4	3	4	3	3	2	4	5	5	1	4	2	4	5	1	1	2	1	2	3	1	4	2	4	5	3	3	2	2	2	5	1
a64_rel_personal	Personal Relationships	4	4	5	5	4	5	5	5	4	5	4	5	2	5	1	5	5	1	5	5	1	5	4	5	5	5	5	5	5	4	4	5	3	5	5	4	5	5	5	5	4	5	3	5	5	5	2	3	5	2	4	3	5	5	5	3	5	4	2	5	3	5	5	2	2	4	5	3	5	5	5	5	5	5	5	1	5	2	5	3	5	5	2	3	5	5	5	5	5	5	1	5	5	5	4	5	3	3	3	1	5	5	5	5	5	5	5	4	4	4	5	5	5	5	3	5	5	4	5	5	4	5	5	5	5	5	2	5	3	3	3	5	5	3	3	5	5	4	5	2	3	3	2	5	5	3	5	3	5	5	5	5	4	5	2	5	4	1	3	4	5	1	5	5	5	3	5	3	4	5	3	5	3	5	5	4	5	2	2	3	5	4	4	1	4	4	5	5	3	4	3	5	4	4	5	5	2	2	5	4	3	5	5	5	5	5	5	5	4	4	5	4	3	3	4	2	2	3	5	2	3	3	3	3	3	2	2	2	3	3	5	3	2	3	2	2	3	5	3	2	3	1	2	1	5	2	2	2	4	3	4	4	2	3	5	1	3	5	4	3	3	5	1	5	5	5	5	2	5	2	5	4	4	5	1	5	5	5	5	4	5	5	1	2	2	5	5	5	5	5	1	3	2	3	4	4	3	5	4	5	5	4	2	5	5
a65_rel_social	Social Circle	4	4	5	4	3	4	4	4	3	4	5	5	3	3	2	4	4	1	4	4	5	4	2	3	5	5	3	4	4	3	4	5	3	1	5	5	3	3	1	1	3	2	3	3	5	2	3	4	2	2	2	3	4	5	3	1	5	3	1	3	2	4	4	4	2	3	5	2	5	4	3	1	1	4	1	1	5	2	4	1	4	5	2	5	4	3	5	4	3	3	5	4	5	3	4	3	3	4	3	1	3	3	4	2	2	3	5	2	2	3	3	1	5	3	3	4	4	4	3	4	4	5	5	5	5	5	3	3	2	1	4	5	5	3	2	4	4	2	4	3	4	2	1	5	2	3	1	3	5	3	5	5	3	3	5	5	2	1	2	2	3	1	5	5	2	3	3	2	3	5	3	5	3	5	4	4	5	2	2	2	4	4	4	5	3	5	4	3	4	2	4	4	3	1	3	4	3	2	1	3	3	3	3	3	4	5	2	4	3	4	3	2	1	4	5	2	1	4	4	4	2	3	3	3	2	2	3	2	1	2	5	3	2	2	2	3	2	5	1	2	3	1	2	1	5	3	3	4	4	1	4	1	3	3	5	1	2	4	2	4	4	3	2	5	4	5	3	4	2	2	4	4	2	5	4	5	2	2	4	4	5	3	1	1	3	3	5	1	1	4	2	3	2	3	4	3	4	4	4	1	3	4	2	1	5
a66_rel_professional	Professional Circle	1	4	5	5	4	3	3	3	3	5	5	5	2	5	2	5	4	1	3	5	4	5	2	5	5	5	5	4	5	3	5	5	3	5	5	5	3	4	3	4	4	1	4	2	5	3	3	4	3	2	3	3	4	5	5	1	5	5	2	3	2	5	5	2	4	3	4	2	1	5	3	4	1	3	1	1	5	3	4	3	5	5	5	1	5	5	5	4	4	5	5	5	5	5	4	5	2	3	3	1	1	5	4	2	5	2	4	4	4	4	3	4	5	2	4	5	5	4	5	5	5	5	5	5	5	4	4	4	3	3	5	5	5	4	2	5	4	2	4	4	3	2	2	5	3	3	1	3	4	4	5	5	5	3	2	5	4	1	1	3	5	1	5	4	2	2	4	3	3	4	4	5	2	4	4	3	5	1	4	4	5	4	3	2	3	5	4	4	4	5	4	4	3	2	3	4	2	2	3	3	4	4	3	2	4	5	3	5	4	4	4	3	2	4	5	2	1	3	5	3	3	3	3	3	2	3	1	2	2	2	5	1	3	3	2	2	2	5	2	2	3	2	2	1	4	4	2	4	4	5	5	1	3	4	4	1	1	3	2	5	4	5	1	3	5	4	4	3	4	3	4	4	3	5	4	2	4	3	3	3	5	4	1	1	5	5	5	3	1	5	2	4	4	2	4	4	3	4	3	2	4	4	4	4	5
a67_rel_competitors	Competitors	2	4	5	5	2	5	3	2	3	2	2	4	1	5	2	3	2	1	2	3	2	4	1	3	1	1	3	3	4	2	4	2	3	1	3	5	2	2	5	3	5	1	2	4	1	1	4	2	2	2	1	3	5	5	1	2	3	4	2	1	1	3	3	2	1	2	3	1	5	1	2	1	1	3	1	1	5	2	3	2	3	4	1	1	2	1	2	2	4	3	1	1	4	3	4	1	3	3	2	1	1	2	2	2	5	1	2	1	2	2	3	1	4	2	3	3	4	3	2	1	4	5	5	5	5	2	2	2	3	2	4	4	2	4	2	5	1	4	3	1	3	3	2	5	2	1	1	2	2	2	2	5	5	1	3	5	1	1	1	2	3	1	3	4	1	2	1	4	1	3	2	4	2	2	1	2	1	3	3	3	2	3	4	1	1	4	4	3	4	2	5	3	3	2	2	1	1	3	3	3	4	3	3	4	3	3	1	5	2	3	5	5	3	1	2	2	2	4	5	2	3	3	2	3	2	2	3	2	1	3	5	2	2	3	3	1	2	5	1	2	1	2	2	1	2	4	2	2	4	4	4	1	2	3	4	1	1	3	1	5	5	4	3	3	4	2	4	3	3	3	3	3	3	5	4	2	3	2	2	3	5	1	1	1	5	3	5	1	2	3	1	3	5	3	4	1	3	5	5	1	1	4	2	2	3
a68_rel_spectators	Spectators	4	4	5	1	3	4	2	2	2	3	3	4	3	5	1	3	1	1	2	3	1	4	2	2	3	4	3	3	2	4	2	1	3	1	3	3	3	3	1	3	2	1	5	4	3	1	2	3	1	2	2	3	4	5	2	4	3	5	3	1	1	3	3	2	1	1	5	2	5	1	3	1	1	2	1	1	5	2	1	1	3	4	3	2	4	2	2	2	4	3	2	1	4	3	2	1	2	3	1	1	1	3	3	1	2	1	2	1	2	2	4	1	2	1	4	2	4	2	3	4	4	5	1	5	5	3	3	1	2	1	5	2	4	3	2	4	2	4	4	2	4	2	1	3	2	3	1	1	2	2	4	3	5	2	2	1	1	1	1	1	3	1	3	4	2	3	1	2	1	3	2	5	2	1	1	3	3	1	2	4	1	3	2	1	2	2	3	4	4	2	4	3	3	2	3	4	2	3	3	3	2	2	3	4	3	2	2	3	2	5	1	4	3	3	4	2	2	2	4	2	2	3	1	3	2	2	3	2	1	1	5	1	3	2	3	2	3	5	2	3	1	2	2	1	2	5	1	3	4	2	5	1	4	3	2	1	1	3	3	4	4	4	3	1	5	2	3	2	2	2	3	2	2	4	2	4	1	2	3	3	5	4	1	1	4	3	5	1	2	4	2	4	4	3	4	2	3	5	3	2	1	4	4	2	2
a69_rel_views	Similar view	4	3	5	1	3	1	2	3	4	3	5	4	3	5	1	2	2	1	3	3	5	4	2	2	1	4	2	3	3	5	4	4	3	1	4	1	2	2	1	2	3	5	2	1	5	1	3	2	2	3	1	3	5	5	1	1	4	5	3	2	1	4	4	4	1	2	3	2	2	3	3	1	1	2	1	1	5	2	2	1	3	3	5	5	2	2	3	3	4	3	2	2	4	2	2	1	2	3	2	1	1	3	4	4	2	1	5	2	3	1	3	1	2	1	4	3	3	3	5	3	5	5	5	5	5	5	4	2	2	2	4	1	4	2	1	5	2	2	4	2	4	2	3	3	3	3	1	3	3	3	3	3	5	1	3	1	1	1	1	3	3	1	5	4	1	2	1	3	2	2	3	5	2	1	2	2	3	1	1	4	4	4	2	2	2	3	4	2	4	3	4	3	4	1	3	3	2	3	3	4	3	5	3	4	2	4	2	4	2	3	5	4	3	3	3	2	2	3	5	2	2	2	3	3	2	2	3	1	2	2	5	2	2	1	2	3	3	5	3	2	2	2	2	2	2	2	3	2	4	1	4	1	2	3	2	1	1	4	1	5	4	3	3	2	5	4	3	4	3	2	4	5	2	5	4	3	4	2	1	4	3	1	1	3	2	2	5	3	1	2	3	3	2	3	5	1	3	5	2	1	2	2	4	3	1
a70_education_history	Education history	1	4	5	3	3	5	4	2	4	4	4	4	2	5	2	3	3	1	4	3	3	5	1	1	4	3	2	2	4	4	5	2	3	1	5	5	4	2	3	2	3	5	3	2	2	2	5	2	1	4	4	3	4	5	4	4	4	5	1	5	1	5	4	4	2	3	4	2	3	1	4	4	1	2	1	1	5	3	2	1	3	4	5	3	4	4	3	2	4	2	3	4	5	4	1	1	3	2	2	1	1	3	3	3	4	3	3	5	2	2	4	3	3	1	3	3	4	3	3	2	5	3	3	5	2	5	4	2	3	3	5	2	4	2	1	2	3	4	4	2	4	2	1	4	3	4	1	2	3	3	5	4	4	2	3	1	2	1	1	3	3	1	4	3	1	2	3	2	2	5	1	5	3	2	1	4	3	4	3	3	2	3	2	3	2	2	4	4	4	2	5	4	5	1	3	4	1	2	5	3	2	3	2	4	5	5	2	5	3	3	5	3	1	3	1	2	1	4	4	2	2	3	2	3	2	3	3	3	1	2	5	3	3	2	2	2	2	5	2	2	3	1	2	1	2	4	2	4	4	1	4	1	3	4	3	1	1	3	1	3	5	3	3	2	4	3	4	4	3	2	4	2	4	3	3	5	1	2	2	4	3	5	1	1	3	4	5	2	3	3	1	2	2	2	4	2	3	5	4	2	2	4	3	2	1
a73_landmark	Landmark	1	4	5	3	2	4	2	4	3	5	2	3	2	5	2	3	3	1	2	5	1	4	1	3	2	5	2	2	3	3	3	1	3	1	5	5	3	2	2	2	4	2	3	4	4	3	4	3	1	1	4	3	3	5	4	1	4	5	2	3	1	3	3	2	1	2	3	2	1	1	3	3	2	2	1	1	5	2	3	1	5	4	2	2	5	2	5	2	5	1	4	1	1	5	4	1	4	5	1	1	1	5	2	2	2	3	1	1	2	3	2	1	5	2	4	4	4	3	1	2	5	5	5	4	5	5	2	4	1	1	3	3	3	3	1	3	3	2	4	1	3	2	1	2	3	4	1	1	5	4	4	2	5	3	2	1	1	1	1	4	1	1	2	3	2	3	1	3	1	5	1	5	2	2	2	4	2	1	2	4	2	3	2	2	2	3	5	4	4	2	4	3	3	2	3	2	2	2	5	4	4	3	4	4	2	2	3	4	2	4	5	3	2	3	3	3	1	4	4	4	3	3	3	3	3	2	1	2	2	2	5	2	2	2	3	2	2	5	3	1	2	2	3	1	2	4	2	3	4	2	3	1	2	2	3	1	1	3	1	3	4	1	1	4	5	3	3	4	3	2	3	3	2	2	3	5	2	2	1	4	5	3	1	1	3	3	5	4	1	3	2	2	3	3	3	5	4	5	3	1	2	3	2	3	2
a74_address_current_complete	Previous/Current Location (Complete)	4	4	5	5	4	5	3	2	4	5	3	5	2	4	1	3	4	1	5	5	1	5	4	5	2	5	5	5	4	4	5	5	3	5	5	5	3	3	5	5	5	5	3	5	3	4	5	3	4	4	4	2	4	5	5	4	5	5	5	5	3	4	4	2	4	4	4	2	4	4	4	5	1	4	2	2	5	2	5	1	5	5	3	1	5	3	5	4	5	1	1	5	5	5	4	4	3	5	5	1	3	5	4	4	2	3	5	5	3	3	4	5	5	3	4	5	5	4	5	5	5	5	5	5	5	5	4	5	3	3	5	2	4	3	4	5	5	3	5	4	2	3	3	5	4	4	3	2	5	5	4	4	5	5	3	5	4	1	2	3	5	1	4	5	5	2	3	2	4	5	3	5	3	3	3	3	4	3	3	4	5	4	3	3	4	3	5	5	3	4	5	5	3	2	5	5	3	2	5	4	4	4	4	5	3	5	5	5	2	4	5	4	1	2	4	3	1	4	5	2	2	3	1	3	2	3	2	3	2	2	5	2	3	2	2	2	2	5	2	2	3	2	1	1	4	3	2	4	4	1	5	3	3	4	5	1	3	3	1	3	3	5	2	3	5	5	5	4	5	3	3	4	2	3	4	2	5	4	4	4	5	3	1	1	3	4	5	4	1	4	2	5	2	5	4	5	4	5	4	1	5	5	5	5	5
a75_address_current_partial	Previous/Current Location (Partial)	5	4	5	5	3	5	2	4	3	5	3	5	2	4	1	3	2	1	4	4	1	5	3	3	5	5	3	4	4	3	5	5	3	5	5	5	3	3	5	3	3	5	2	4	5	4	4	2	3	3	4	3	3	5	3	5	5	5	5	3	2	4	4	3	2	4	3	2	3	3	4	4	2	4	2	1	5	2	3	1	5	5	5	1	5	4	5	3	5	1	1	3	5	5	4	1	3	4	5	1	3	4	4	4	2	3	3	5	4	2	4	5	5	3	4	5	5	4	1	4	5	5	2	4	5	5	3	4	2	1	4	2	4	4	3	4	5	3	4	3	4	3	1	5	4	4	3	2	5	5	5	2	5	3	3	5	2	1	1	5	2	1	5	4	3	3	2	3	4	4	3	5	2	3	2	3	4	2	2	2	4	3	4	3	3	3	5	5	4	2	3	4	4	2	5	3	1	1	5	3	4	3	4	3	3	4	5	5	2	4	5	3	3	3	4	3	2	4	4	2	3	3	2	3	2	3	1	2	1	2	5	1	2	3	2	2	2	5	2	1	2	3	2	1	2	4	2	2	4	1	4	1	2	4	5	1	3	3	1	4	3	1	1	2	5	3	5	2	4	3	4	3	3	2	2	5	5	3	4	3	5	5	1	1	1	3	5	2	2	3	1	4	1	3	4	5	3	5	3	2	4	4	4	4	5
a78_address_home_complete	Home address (Complete)	5	4	5	5	5	5	5	4	4	5	4	5	5	5	3	5	5	1	5	5	4	5	4	5	5	5	5	5	5	2	5	5	4	5	5	5	4	5	5	5	3	5	3	5	5	5	5	5	5	2	5	5	4	5	5	4	5	5	5	5	3	5	5	5	5	5	5	4	5	5	5	5	3	5	5	1	5	2	5	1	5	5	5	4	5	5	5	5	5	5	5	5	5	5	4	5	2	5	5	5	4	4	5	5	5	4	5	5	5	2	5	5	5	4	5	5	5	5	5	5	5	5	5	5	5	5	5	5	1	5	3	4	5	4	4	3	5	4	5	5	4	4	2	5	5	5	5	5	5	5	5	5	5	5	2	5	5	1	3	5	5	1	5	5	5	2	5	4	5	5	5	5	2	5	4	5	5	3	5	3	5	5	4	1	4	5	5	4	3	5	4	5	5	1	5	5	1	2	5	3	3	4	5	4	5	5	5	5	3	5	5	4	3	2	4	3	2	4	5	2	2	3	2	4	2	3	2	2	3	3	5	3	3	2	3	3	2	5	2	2	2	1	3	1	5	5	2	3	4	5	4	3	2	5	5	3	5	3	2	4	4	4	1	5	5	5	5	5	5	2	5	5	3	5	4	3	5	5	5	4	5	5	1	5	3	5	5	5	2	5	1	5	4	5	5	5	4	5	4	3	5	5	5	5	5
a79_address_home_partial	Home address (Partial)	5	3	5	5	2	5	4	4	3	5	4	5	4	5	1	5	5	1	4	4	2	4	3	5	5	5	4	5	5	2	4	5	3	5	5	5	5	4	3	3	4	5	2	5	5	5	3	4	4	3	4	5	5	5	5	4	5	5	4	4	2	5	3	3	2	3	4	2	5	3	5	4	2	5	3	1	5	2	4	1	5	5	2	2	5	4	5	4	5	5	4	4	5	5	4	5	3	5	5	1	3	3	4	4	5	4	4	5	5	3	5	5	5	3	5	5	5	5	5	4	5	5	5	5	5	5	4	4	3	4	3	4	4	3	3	3	5	2	5	3	4	4	1	5	4	5	5	3	3	5	5	5	5	5	5	5	2	1	2	5	4	1	4	5	5	3	5	3	2	3	4	5	3	3	3	2	5	3	3	2	5	4	4	1	4	5	4	4	4	4	4	5	3	1	5	4	1	5	5	4	3	2	5	3	5	4	5	5	3	4	5	3	3	3	3	2	1	3	5	3	3	3	2	3	3	2	1	2	2	2	5	3	3	1	2	2	2	5	3	3	3	3	2	2	3	4	2	3	4	4	4	2	2	4	5	2	5	3	2	3	4	2	1	5	4	3	5	3	4	2	5	5	1	5	2	3	5	4	5	4	5	5	1	5	5	4	5	4	3	5	1	4	4	3	5	5	3	5	4	3	4	5	5	5	5
a82_date_time	Date/Time of Activity	4	3	5	5	2	5	3	4	4	5	3	1	1	4	3	4	3	1	3	5	1	5	4	1	3	5	3	3	5	3	4	5	3	5	5	5	5	3	5	4	3	5	3	5	4	4	3	3	2	2	4	3	4	5	4	5	5	5	5	3	1	5	5	4	4	4	5	2	5	1	4	1	5	2	3	2	5	2	3	3	5	4	3	3	5	5	5	5	5	5	5	3	4	5	5	1	3	5	5	1	3	5	5	4	2	3	3	5	2	5	5	5	5	3	4	5	5	4	2	5	4	5	5	5	4	5	4	2	5	2	3	2	5	3	4	4	5	2	5	4	4	2	2	3	5	4	1	2	4	5	5	5	3	3	5	3	3	1	2	4	2	1	3	5	4	2	2	2	2	5	3	5	2	3	3	4	3	3	2	2	5	4	2	3	3	1	5	3	3	3	4	4	3	2	3	5	3	4	5	4	4	4	4	4	3	2	5	5	2	4	5	4	2	4	3	2	2	3	4	2	4	3	2	4	2	2	2	2	3	2	5	1	3	3	3	2	3	5	2	3	2	1	2	2	4	2	1	2	4	1	4	3	4	2	4	1	1	3	1	4	3	4	2	5	5	3	5	4	4	2	3	3	1	5	5	3	4	4	2	4	5	5	3	1	3	4	5	5	2	4	2	2	2	5	5	5	4	4	3	1	3	4	5	3	5
a85_username	Username	4	4	5	5	2	5	3	2	3	3	4	5	3	5	4	4	2	1	3	4	2	5	2	3	5	1	3	5	5	2	3	5	4	1	3	3	3	4	1	2	3	5	2	2	3	4	4	4	2	4	3	2	5	5	3	4	4	5	2	3	1	5	4	3	2	3	5	2	1	1	1	1	5	3	2	1	5	2	3	1	3	4	5	1	5	2	3	3	3	4	5	3	4	5	3	3	3	5	5	1	3	4	5	1	4	1	4	4	2	3	5	1	2	2	2	5	5	4	5	4	5	3	3	5	3	5	3	5	4	2	3	5	5	2	1	4	5	4	3	2	3	3	2	5	2	2	3	3	1	3	2	3	5	2	4	5	1	1	2	5	3	1	4	1	5	2	2	5	1	3	1	4	2	2	3	4	5	3	1	3	2	4	2	3	5	4	4	4	3	4	4	4	4	2	5	4	5	2	1	4	3	3	2	4	5	4	5	5	4	4	5	4	2	1	5	2	1	3	5	3	3	3	3	2	2	2	1	2	3	2	5	1	2	3	2	2	3	5	3	1	2	2	1	2	5	2	2	2	4	4	4	1	3	5	5	1	3	4	1	5	3	5	2	5	5	2	3	2	4	2	4	4	3	5	3	2	5	3	4	4	5	5	1	1	4	5	5	2	4	5	3	4	4	3	5	5	3	5	4	5	5	4	3	5	5
a90_email	Email address	5	4	5	4	4	5	4	3	4	5	5	5	4	5	1	5	3	1	5	5	4	5	4	5	4	5	4	5	5	3	4	5	4	1	5	2	3	5	5	2	3	5	4	4	4	5	5	3	3	4	2	3	4	5	5	5	5	5	5	4	2	5	5	4	5	3	5	2	5	1	4	5	3	5	3	1	5	2	4	3	4	5	2	3	5	3	3	5	5	5	1	4	5	5	4	3	3	3	5	1	3	5	4	5	4	3	3	5	4	2	5	5	5	2	3	5	5	4	5	5	5	5	4	5	5	5	5	5	1	4	4	5	4	3	3	3	5	4	4	2	2	3	1	5	4	5	2	3	3	3	3	4	5	5	2	3	4	1	3	5	5	1	5	4	4	3	5	2	1	5	1	5	3	2	5	3	5	4	4	4	4	4	4	1	5	3	5	4	4	4	2	4	4	1	5	5	1	1	4	4	2	5	2	5	5	5	3	5	4	4	5	5	2	1	3	1	1	4	5	3	3	3	2	3	2	2	1	1	1	2	5	2	3	2	2	3	2	5	2	2	2	1	1	1	5	4	2	2	4	2	3	1	2	5	4	1	3	4	1	4	4	5	1	5	5	4	4	5	4	2	5	3	5	5	5	4	5	4	5	4	5	1	1	1	4	5	5	4	2	4	4	3	4	2	4	4	4	5	3	3	5	5	4	5	5
a92_email_content	Email content	5	4	5	5	3	5	4	5	4	4	5	5	5	4	2	5	4	1	5	5	1	5	4	3	5	5	3	5	5	5	5	5	4	5	5	5	4	2	5	4	2	5	2	4	5	5	4	4	2	3	5	3	5	5	5	4	5	5	5	5	3	5	5	4	5	4	5	2	5	3	5	5	5	5	1	1	5	2	4	1	5	4	2	5	4	4	5	4	5	5	1	3	5	2	5	5	3	4	2	1	5	5	5	4	5	3	5	5	3	4	5	5	3	2	4	5	5	4	5	5	5	5	5	5	5	5	5	2	2	4	5	5	5	5	5	3	2	3	5	3	2	4	3	5	3	5	3	1	5	5	5	5	4	3	2	3	4	1	4	5	4	1	5	4	4	2	4	5	4	5	4	5	2	4	5	5	5	4	3	2	5	3	3	4	4	4	5	4	4	4	5	5	3	2	5	5	5	4	5	3	3	5	5	4	3	5	5	5	4	4	5	3	2	1	2	2	2	3	5	2	2	3	1	3	2	2	2	2	2	2	5	3	3	2	2	2	2	5	2	1	2	2	1	1	5	5	3	3	4	2	5	2	3	5	5	1	3	5	3	5	4	4	2	5	5	4	4	5	5	3	5	5	1	5	5	2	5	5	3	4	5	3	3	4	3	5	5	5	2	5	1	5	4	4	5	1	4	5	4	4	5	5	4	5	5
a97_online_conversation	Online conversations	5	4	5	5	3	4	4	5	4	4	5	4	5	4	2	4	3	1	5	5	1	5	3	1	5	4	4	3	2	4	3	5	3	5	5	5	3	1	5	3	3	3	3	4	4	3	4	2	2	3	5	3	4	5	1	2	5	5	5	5	2	5	3	4	2	3	3	3	5	4	3	1	3	3	1	1	5	3	4	1	5	5	1	2	2	4	3	3	5	5	4	4	4	3	5	3	2	3	3	1	5	5	3	4	3	5	4	5	2	4	3	2	5	2	4	4	5	3	5	4	5	5	5	5	3	5	5	3	3	4	2	5	5	3	2	4	2	2	4	2	3	2	2	5	2	2	5	2	3	5	5	4	5	3	3	3	1	1	2	5	1	1	5	3	3	2	4	2	1	5	1	5	3	2	4	5	4	3	3	3	5	3	4	5	3	4	4	2	4	4	5	4	4	2	3	5	4	4	5	4	2	2	5	3	4	4	5	5	4	3	4	4	3	2	5	2	1	3	4	2	4	3	2	2	2	2	2	2	3	2	5	2	3	2	3	2	2	5	2	1	1	1	2	1	5	2	2	3	4	3	4	1	2	4	5	1	1	4	1	4	4	3	3	5	5	3	3	4	4	3	4	3	4	4	4	4	4	5	5	5	5	4	1	1	3	5	5	3	1	4	3	4	4	4	4	5	4	5	5	1	3	4	3	4	5
a99_legal_involvement	Legal involvement	5	3	5	5	5	5	4	4	4	5	5	5	5	5	4	4	5	1	5	5	5	5	5	3	3	5	3	5	5	3	5	5	4	5	5	5	5	4	5	2	4	5	3	4	5	5	4	4	2	2	5	4	4	5	5	5	5	4	5	5	2	5	5	4	5	4	5	2	5	5	5	4	1	5	1	5	5	2	4	3	5	5	5	5	5	4	5	4	5	5	1	5	5	4	4	5	3	5	5	1	5	5	5	3	4	5	5	5	3	5	5	5	5	3	4	5	5	5	5	5	4	5	4	5	5	5	5	5	2	5	5	4	5	2	4	4	5	3	5	3	4	4	4	2	4	5	1	3	5	5	5	5	5	5	5	5	3	1	3	2	3	1	5	5	5	3	5	4	5	5	5	5	2	5	5	3	5	4	4	4	5	5	4	3	5	4	5	5	4	5	4	3	4	4	3	5	3	2	5	4	2	5	5	5	5	5	5	5	3	4	5	3	3	5	5	3	1	4	5	2	2	3	2	4	2	3	1	3	3	2	1	2	2	1	3	2	3	5	2	2	3	2	3	2	5	2	2	2	4	2	4	3	4	4	5	1	3	4	5	3	4	3	1	5	5	5	5	2	5	3	5	5	2	5	2	1	5	5	4	4	5	5	3	5	1	5	5	4	5	4	1	5	5	3	2	5	4	4	4	4	4	5	4	5	5
a102_vehicle_ownership	Personal Vehicle Ownership	1	4	5	4	2	5	2	4	3	4	2	3	2	5	1	2	1	1	3	5	1	4	1	3	4	5	3	3	4	4	3	5	3	5	2	4	3	2	2	2	4	5	3	4	4	2	2	3	2	2	2	3	4	5	4	5	3	5	3	2	1	4	3	4	1	3	4	2	5	1	2	1	2	4	2	1	5	2	3	1	3	4	5	3	5	5	4	4	5	5	1	4	1	5	5	1	2	3	4	1	4	1	5	5	3	5	2	5	1	4	5	5	4	3	4	4	5	3	5	2	4	5	5	5	5	5	5	2	2	2	3	1	4	4	2	2	3	2	2	2	3	1	1	4	4	1	1	2	5	2	4	1	2	2	5	1	1	1	1	4	1	1	5	4	2	2	1	4	2	4	3	5	2	3	4	3	5	3	1	4	1	2	2	1	2	3	2	5	4	2	4	4	4	1	3	5	2	2	5	5	3	4	1	4	2	3	2	5	2	3	5	3	2	2	5	3	1	3	3	3	2	3	1	3	2	2	1	2	3	2	5	2	2	1	2	3	2	4	2	2	2	2	3	1	2	4	2	2	4	4	4	1	3	3	3	1	1	3	1	5	4	2	2	3	5	3	4	4	2	3	4	2	2	2	5	2	1	2	1	4	4	4	1	4	3	4	5	2	1	2	2	3	3	3	3	2	4	4	4	2	2	4	4	3	2
a103_license_plate_complete	License Plate (Complete)	5	4	5	5	5	5	5	3	4	5	5	5	5	5	2	5	5	1	4	5	3	5	5	5	5	5	5	5	5	2	5	5	4	5	5	5	5	5	5	5	3	5	4	5	5	5	4	2	4	5	4	5	5	5	5	4	5	5	5	5	3	5	5	4	5	5	5	3	5	5	5	5	5	5	5	1	5	2	5	3	5	5	5	4	5	3	5	5	5	5	1	5	5	5	5	5	4	5	5	1	5	5	5	5	3	5	5	5	4	5	5	5	5	2	5	5	5	4	5	5	4	5	4	5	5	5	5	5	3	3	4	5	5	2	4	4	5	3	4	3	4	5	3	5	5	5	4	4	5	5	5	5	5	5	3	5	3	1	3	5	5	1	5	5	5	2	5	4	4	5	5	5	2	5	4	4	5	3	5	2	2	5	4	1	3	5	5	5	4	5	3	4	5	1	5	5	2	4	5	4	3	5	5	4	5	5	5	5	2	4	5	4	1	2	5	2	1	3	5	4	3	3	1	3	3	3	3	2	2	2	5	1	2	2	2	1	3	5	2	2	1	1	3	2	5	4	2	2	4	5	4	4	2	5	5	2	3	3	1	3	5	5	2	5	5	5	5	4	5	2	5	3	3	5	2	2	5	5	5	4	5	5	1	5	4	5	5	4	3	5	1	4	1	3	5	5	3	5	3	2	5	5	5	4	5
a104_license_plate_partial	License Plate (Partial)	4	5	5	5	3	5	4	3	2	5	5	4	5	3	2	4	5	1	5	4	2	5	3	5	5	5	4	5	4	4	5	5	3	5	4	5	5	4	5	3	4	5	2	5	3	4	2	4	2	2	4	5	5	5	5	4	5	5	5	4	2	4	5	3	3	3	4	2	5	5	5	5	3	5	3	1	5	4	5	1	4	5	4	2	5	2	4	4	3	5	1	4	4	4	5	5	3	4	5	1	5	5	4	4	3	5	4	4	4	4	5	5	5	2	4	5	5	3	5	4	5	5	5	5	5	5	5	4	2	1	5	5	4	3	4	3	5	4	3	2	2	3	1	5	5	4	5	2	5	5	5	3	3	5	1	3	1	1	2	5	5	1	5	4	5	2	4	4	1	4	5	5	2	2	2	5	5	2	3	3	1	4	4	1	3	4	5	4	3	4	3	4	4	1	5	4	2	4	5	4	2	3	4	4	5	5	3	4	3	4	5	3	3	4	5	3	2	4	5	2	2	2	1	4	1	2	3	2	3	3	5	1	3	2	2	2	3	5	2	2	3	1	2	1	3	2	2	3	4	4	3	2	2	5	3	2	3	2	1	5	3	3	3	5	5	4	5	4	3	2	5	2	2	5	4	2	5	4	3	4	5	3	1	5	1	4	5	2	2	4	1	4	2	1	4	5	4	5	2	2	4	5	2	4	5
a105_control_snack	Favourite Snack	1	3	5	1	1	2	1	3	2	1	1	1	1	2	3	1	1	1	1	1	1	2	1	1	2	1	1	1	2	2	2	1	2	1	2	1	1	1	1	1	3	1	1	1	2	1	2	1	1	1	1	2	4	5	1	1	2	5	1	1	1	2	1	2	1	1	1	1	1	1	1	1	1	1	1	1	5	2	1	1	2	1	5	1	1	2	1	2	1	1	1	1	1	1	1	1	3	2	1	1	1	1	1	1	4	1	1	1	1	1	2	1	1	1	1	1	1	2	3	1	5	2	1	1	1	2	1	1	5	1	2	1	4	4	1	4	1	4	1	1	4	1	2	2	1	1	1	1	2	1	1	1	5	1	2	1	1	1	1	1	1	1	1	1	1	2	1	4	2	2	1	5	2	1	1	1	1	1	1	3	1	1	2	1	1	4	3	4	4	1	5	3	2	1	3	1	1	1	1	3	4	3	1	3	1	2	1	2	2	4	1	3	5	3	1	1	2	4	2	2	3	2	3	3	2	3	1	4	1	2	1	1	2	3	2	3	2	1	2	2	2	3	3	2	1	4	2	3	4	1	1	1	3	2	2	1	1	2	1	4	5	3	5	1	2	2	1	2	1	3	2	1	1	1	3	5	1	1	1	4	2	3	1	1	3	3	5	1	3	1	1	2	1	1	3	1	4	5	3	1	1	2	2	1	1
a106_control_car	Favourite Car	1	3	5	1	2	1	1	3	2	2	2	1	1	4	4	2	1	1	1	1	1	4	1	1	1	1	2	1	1	2	2	1	2	1	1	1	1	1	1	1	4	1	4	1	2	1	2	1	1	2	1	2	2	5	1	3	2	5	1	1	1	3	2	1	1	1	1	1	1	1	3	1	1	2	1	1	5	2	1	1	1	1	4	2	1	3	1	1	1	1	1	1	1	1	1	1	3	2	1	1	1	1	1	1	2	3	1	1	1	1	2	1	1	1	3	2	1	2	3	1	5	2	1	2	1	1	5	1	1	3	4	1	2	2	1	2	1	2	1	1	3	1	1	5	2	1	1	1	1	1	2	1	5	1	2	1	1	1	1	1	1	1	1	1	1	2	1	2	2	2	1	5	2	1	2	1	1	1	1	3	1	1	2	2	1	2	3	5	4	1	5	3	3	1	3	1	1	1	1	3	4	3	1	3	2	1	1	3	2	4	5	2	2	4	1	2	1	4	4	2	3	3	1	2	3	2	1	3	3	2	5	1	3	2	2	3	3	1	3	2	1	1	3	1	1	4	2	3	4	1	3	1	2	2	1	1	1	2	1	5	5	5	4	1	1	2	1	2	1	3	2	1	4	1	1	5	1	1	1	5	2	1	1	1	5	3	5	1	1	1	1	2	2	2	5	1	4	5	5	1	1	2	4	1	1
a107_control_animal	Favourite Animal	1	3	5	1	1	1	1	2	2	1	1	1	1	4	1	1	1	1	1	1	1	3	2	1	1	1	1	1	1	2	3	1	2	1	2	1	1	1	2	1	3	1	3	1	1	1	1	1	1	2	1	2	2	5	1	1	1	4	1	1	1	2	1	2	1	1	1	1	1	1	1	1	1	1	1	1	4	2	1	1	1	1	4	2	1	1	1	1	1	1	1	1	1	1	1	1	3	1	1	1	1	1	1	1	2	1	3	1	1	1	2	1	1	1	2	2	4	2	2	1	5	1	1	1	1	2	3	1	3	1	3	1	2	3	1	5	1	3	1	1	2	1	2	2	1	1	1	1	2	1	1	1	5	1	4	1	1	4	1	1	1	1	2	1	1	3	1	2	1	2	1	4	2	1	1	1	1	1	1	3	1	1	3	5	1	1	2	4	4	1	4	3	2	1	3	1	1	1	1	3	4	2	1	3	1	1	1	2	2	4	1	3	1	3	1	2	2	3	4	2	3	3	3	2	2	2	2	2	3	2	1	2	3	2	2	2	2	1	1	3	2	1	2	2	1	5	3	3	4	1	2	1	2	2	2	1	1	2	1	5	4	5	1	1	1	2	1	2	1	2	2	1	1	1	2	5	1	1	1	5	1	5	1	1	2	1	5	1	1	1	1	1	1	1	5	1	3	5	4	1	1	1	3	1	1
a108_control_movie	Favourite Movie	1	4	5	1	1	2	1	2	2	4	3	1	1	2	2	1	1	1	1	1	1	2	1	1	1	1	2	1	2	4	2	1	2	1	2	1	1	1	1	1	2	1	1	1	1	1	2	2	1	1	1	3	3	5	1	1	1	5	1	2	1	2	2	2	1	1	2	1	3	1	1	1	1	1	1	1	5	2	1	1	2	2	2	2	1	1	1	2	1	1	5	1	1	1	1	1	3	3	1	1	1	1	1	1	1	1	1	1	1	1	2	1	2	1	1	2	1	2	2	1	5	1	1	2	1	1	3	1	2	1	5	1	2	4	1	3	1	2	2	1	3	2	1	1	2	1	1	1	3	1	2	1	5	1	5	1	1	4	1	1	1	1	2	1	1	3	1	1	1	2	1	4	2	1	1	1	1	1	1	2	1	1	3	5	1	2	3	3	4	1	5	3	2	1	3	1	1	1	1	3	3	1	1	3	1	2	1	1	2	4	5	2	1	1	1	2	1	3	4	3	2	2	3	3	2	2	2	3	2	2	5	3	3	1	2	2	3	1	1	1	3	1	2	1	1	2	3	4	4	1	5	1	3	2	1	1	1	2	1	5	2	5	2	1	2	2	1	2	1	2	3	2	2	1	4	5	1	1	1	4	4	1	1	1	3	3	5	2	1	1	1	4	1	1	3	1	3	5	4	1	1	2	2	1	1
a109_control_country	Favourite Country	1	4	5	1	1	1	1	2	2	1	2	1	1	5	3	1	1	1	1	1	1	3	2	1	1	1	1	1	2	4	2	1	2	1	2	1	1	1	1	1	4	1	1	1	2	1	2	1	1	2	2	3	4	5	1	1	2	4	1	1	1	2	2	1	1	1	2	1	1	1	3	1	1	1	1	1	3	4	1	1	1	1	5	3	1	1	1	1	3	1	1	1	1	1	1	1	3	2	1	1	1	1	1	1	5	1	2	1	2	1	2	1	1	1	2	2	1	2	3	1	5	1	1	2	1	1	2	1	2	2	5	1	2	3	1	4	1	2	1	1	3	1	2	1	1	1	1	1	2	1	1	1	5	1	4	1	4	1	1	1	1	1	2	1	1	3	1	3	1	2	1	3	2	2	1	1	1	1	1	4	1	2	4	3	1	1	2	4	4	2	2	3	2	2	3	1	2	1	1	3	4	3	1	4	1	1	1	2	4	4	1	3	2	2	1	2	1	3	4	3	2	3	3	3	2	2	1	2	1	3	1	2	2	3	3	3	2	2	2	2	2	2	3	1	1	4	1	2	4	1	4	1	2	3	3	1	1	2	1	3	4	1	2	2	1	2	1	3	1	3	2	2	3	1	4	5	1	1	1	4	2	5	1	1	2	4	5	2	1	1	3	2	1	2	4	1	4	5	3	1	2	1	2	1	1